ChunkID, Package Name, Class Type, Hard or Soft Chunk, File Size, Other Chunks
0,/OperationBarbarossa/DelayForLoop,Blueprint,Soft From Unassigned Package? Best Guess: /HDAssets/Core/PALBL_HDAssetsCore->/HDAssets/Core/BP_HDGameInstance->/HDCore/Core/BP_HDGameInstanceBase->/HDCore/Maps/Dev/AAS-TestMap->/OperationBarbarossa/Factions/BP_SovietArmy->/OperationBarbarossa/Kits/Flamethrower/BP_USSR_Flamethrower->/OperationBarbarossa/Weapons/ROKS-3/BP_ROKS-3->/OperationBarbarossa/Weapons/ROKS-3/ROKS-3_Proj->/OperationBarbarossa/DelayForLoop,1060,None
0,/OperationBarbarossa/Factions/Assets/Flag,Texture2D,Soft From Unassigned Package? Best Guess: /HDAssets/Core/PALBL_HDAssetsCore->/HDAssets/Core/BP_HDGameInstance->/HDCore/Core/BP_HDGameInstanceBase->/HDCore/Maps/Dev/AAS-TestMap->/OperationBarbarossa/Factions/BP_SovietArmy->/OperationBarbarossa/Factions/Assets/Flag,1037819,None
0,/OperationBarbarossa/Factions/Assets/USSR_SpawnMap_Flag,Texture2D,Soft From Unassigned Package? Best Guess: /HDAssets/Core/PALBL_HDAssetsCore->/HDAssets/Core/BP_HDGameInstance->/HDCore/Core/BP_HDGameInstanceBase->/HDCore/Maps/Dev/AAS-TestMap->/OperationBarbarossa/Factions/BP_SovietArmy->/OperationBarbarossa/Factions/Assets/USSR_SpawnMap_Flag,3959,None
0,/OperationBarbarossa/Factions/BP_SovietArmy,Blueprint,Soft From Unassigned Package? Best Guess: /HDAssets/Core/PALBL_HDAssetsCore->/HDAssets/Core/BP_HDGameInstance->/HDCore/Core/BP_HDGameInstanceBase->/HDCore/Maps/Dev/AAS-TestMap->/OperationBarbarossa/Factions/BP_SovietArmy,7533,None
0,/OperationBarbarossa/Factions/BP_SovietArmy1,Blueprint,Soft From Unassigned Package? Best Guess: /OperationBarbarossa/Factions/BP_SovietArmy1,6066,None
0,/OperationBarbarossa/Kits/ATRifleman/BP_USSR_AT_Rifleman,HDKit,Soft From Unassigned Package? Best Guess: /HDAssets/Core/PALBL_HDAssetsCore->/HDAssets/Core/BP_HDGameInstance->/HDCore/Core/BP_HDGameInstanceBase->/HDCore/Maps/Dev/AAS-TestMap->/OperationBarbarossa/Factions/BP_SovietArmy->/OperationBarbarossa/Kits/ATRifleman/BP_USSR_AT_Rifleman,5140,None
0,/OperationBarbarossa/Kits/Commissar/BP_USSR_Commissar,HDKit,Soft From Unassigned Package? Best Guess: /HDAssets/Core/PALBL_HDAssetsCore->/HDAssets/Core/BP_HDGameInstance->/HDCore/Core/BP_HDGameInstanceBase->/HDCore/Maps/Dev/AAS-TestMap->/OperationBarbarossa/Factions/BP_SovietArmy->/OperationBarbarossa/Kits/Commissar/BP_USSR_Commissar,5312,None
0,/OperationBarbarossa/Kits/Commissar/Materials/Coat,MaterialInstanceConstant,Soft From Unassigned Package? Best Guess: /HDAssets/Core/PALBL_HDAssetsCore->/HDAssets/Core/BP_HDGameInstance->/HDCore/Core/BP_HDGameInstanceBase->/HDCore/Maps/Dev/AAS-TestMap->/OperationBarbarossa/Factions/BP_SovietArmy->/OperationBarbarossa/Kits/ATRifleman/BP_USSR_AT_Rifleman->/OperationBarbarossa/Kits/DT_USSR_CharacterVariations->/OperationBarbarossa/Kits/Commissar/USSR_Commissar->/OperationBarbarossa/Kits/Commissar/Materials/Coat,224048,None
0,/OperationBarbarossa/Kits/Commissar/Materials/coat_coat_ddna,Texture2D,Soft From Unassigned Package? Best Guess: /HDAssets/Core/PALBL_HDAssetsCore->/HDAssets/Core/BP_HDGameInstance->/HDCore/Core/BP_HDGameInstanceBase->/HDCore/Maps/Dev/AAS-TestMap->/OperationBarbarossa/Factions/BP_SovietArmy->/OperationBarbarossa/Kits/ATRifleman/BP_USSR_AT_Rifleman->/OperationBarbarossa/Kits/DT_USSR_CharacterVariations->/OperationBarbarossa/Kits/Commissar/USSR_Commissar->/OperationBarbarossa/Kits/Commissar/Materials/Coat->/OperationBarbarossa/Kits/Commissar/Materials/coat_coat_ddna,22371380,None
0,/OperationBarbarossa/Kits/Commissar/Materials/coat_coat_diff,Texture2D,Soft From Unassigned Package? Best Guess: /HDAssets/Core/PALBL_HDAssetsCore->/HDAssets/Core/BP_HDGameInstance->/HDCore/Core/BP_HDGameInstanceBase->/HDCore/Maps/Dev/AAS-TestMap->/OperationBarbarossa/Factions/BP_SovietArmy->/OperationBarbarossa/Kits/ATRifleman/BP_USSR_AT_Rifleman->/OperationBarbarossa/Kits/DT_USSR_CharacterVariations->/OperationBarbarossa/Kits/Commissar/USSR_Commissar->/OperationBarbarossa/Kits/Commissar/Materials/Coat->/OperationBarbarossa/Kits/Commissar/Materials/coat_coat_diff,11186237,None
0,/OperationBarbarossa/Kits/Commissar/Materials/coat_coat_spec,Texture2D,Soft From Unassigned Package? Best Guess: /HDAssets/Core/PALBL_HDAssetsCore->/HDAssets/Core/BP_HDGameInstance->/HDCore/Core/BP_HDGameInstanceBase->/HDCore/Maps/Dev/AAS-TestMap->/OperationBarbarossa/Factions/BP_SovietArmy->/OperationBarbarossa/Kits/ATRifleman/BP_USSR_AT_Rifleman->/OperationBarbarossa/Kits/DT_USSR_CharacterVariations->/OperationBarbarossa/Kits/Commissar/USSR_Commissar->/OperationBarbarossa/Kits/Commissar/Materials/Coat->/OperationBarbarossa/Kits/Commissar/Materials/coat_coat_spec,11186237,None
0,/OperationBarbarossa/Kits/Commissar/Materials/Hat,MaterialInstanceConstant,Soft From Unassigned Package? Best Guess: /HDAssets/Core/PALBL_HDAssetsCore->/HDAssets/Core/BP_HDGameInstance->/HDCore/Core/BP_HDGameInstanceBase->/HDCore/Maps/Dev/AAS-TestMap->/OperationBarbarossa/Factions/BP_SovietArmy->/OperationBarbarossa/Kits/ATRifleman/BP_USSR_AT_Rifleman->/OperationBarbarossa/Kits/DT_USSR_CharacterVariations->/OperationBarbarossa/Kits/Commissar/USSR_Commissar->/OperationBarbarossa/Kits/Commissar/Materials/Hat,7008,None
0,/OperationBarbarossa/Kits/Commissar/Materials/Hat1,MaterialInstanceConstant,Soft From Unassigned Package? Best Guess: /HDAssets/Core/PALBL_HDAssetsCore->/HDAssets/Core/BP_HDGameInstance->/HDCore/Core/BP_HDGameInstanceBase->/HDCore/Maps/Dev/AAS-TestMap->/OperationBarbarossa/Factions/BP_SovietArmy->/OperationBarbarossa/Kits/ATRifleman/BP_USSR_AT_Rifleman->/OperationBarbarossa/Kits/DT_USSR_CharacterVariations->/OperationBarbarossa/Kits/Commissar/USSR_Commissar->/OperationBarbarossa/Kits/Commissar/Materials/Hat1,6960,None
0,/OperationBarbarossa/Kits/Commissar/Materials/hat__LP_2_1_pod_substance__gold_BaseColor_1001,Texture2D,Soft From Unassigned Package? Best Guess: /HDAssets/Core/PALBL_HDAssetsCore->/HDAssets/Core/BP_HDGameInstance->/HDCore/Core/BP_HDGameInstanceBase->/HDCore/Maps/Dev/AAS-TestMap->/OperationBarbarossa/Factions/BP_SovietArmy->/OperationBarbarossa/Kits/ATRifleman/BP_USSR_AT_Rifleman->/OperationBarbarossa/Kits/DT_USSR_CharacterVariations->/OperationBarbarossa/Kits/Commissar/USSR_Commissar->/OperationBarbarossa/Kits/Commissar/Materials/Hat1->/OperationBarbarossa/Kits/Commissar/Materials/hat__LP_2_1_pod_substance__gold_BaseColor_1001,11186291,None
0,/OperationBarbarossa/Kits/Commissar/Materials/hat__LP_2_1_pod_substance__gold_Metallic_1001,Texture2D,Soft From Unassigned Package? Best Guess: /HDAssets/Core/PALBL_HDAssetsCore->/HDAssets/Core/BP_HDGameInstance->/HDCore/Core/BP_HDGameInstanceBase->/HDCore/Maps/Dev/AAS-TestMap->/OperationBarbarossa/Factions/BP_SovietArmy->/OperationBarbarossa/Kits/ATRifleman/BP_USSR_AT_Rifleman->/OperationBarbarossa/Kits/DT_USSR_CharacterVariations->/OperationBarbarossa/Kits/Commissar/USSR_Commissar->/OperationBarbarossa/Kits/Commissar/Materials/Hat1->/OperationBarbarossa/Kits/Commissar/Materials/hat__LP_2_1_pod_substance__gold_Metallic_1001,11186289,None
0,/OperationBarbarossa/Kits/Commissar/Materials/hat__LP_2_1_pod_substance__gold_Normal_1001,Texture2D,Soft From Unassigned Package? Best Guess: /HDAssets/Core/PALBL_HDAssetsCore->/HDAssets/Core/BP_HDGameInstance->/HDCore/Core/BP_HDGameInstanceBase->/HDCore/Maps/Dev/AAS-TestMap->/OperationBarbarossa/Factions/BP_SovietArmy->/OperationBarbarossa/Kits/ATRifleman/BP_USSR_AT_Rifleman->/OperationBarbarossa/Kits/DT_USSR_CharacterVariations->/OperationBarbarossa/Kits/Commissar/USSR_Commissar->/OperationBarbarossa/Kits/Commissar/Materials/Hat1->/OperationBarbarossa/Kits/Commissar/Materials/hat__LP_2_1_pod_substance__gold_Normal_1001,22371428,None
0,/OperationBarbarossa/Kits/Commissar/Materials/hat__LP_2_1_pod_substance__Material_001_BaseColor_1001,Texture2D,Soft From Unassigned Package? Best Guess: /HDAssets/Core/PALBL_HDAssetsCore->/HDAssets/Core/BP_HDGameInstance->/HDCore/Core/BP_HDGameInstanceBase->/HDCore/Maps/Dev/AAS-TestMap->/OperationBarbarossa/Factions/BP_SovietArmy->/OperationBarbarossa/Kits/ATRifleman/BP_USSR_AT_Rifleman->/OperationBarbarossa/Kits/DT_USSR_CharacterVariations->/OperationBarbarossa/Kits/Commissar/USSR_Commissar->/OperationBarbarossa/Kits/Commissar/Materials/Hat->/OperationBarbarossa/Kits/Commissar/Materials/hat__LP_2_1_pod_substance__Material_001_BaseColor_1001,11186307,None
0,/OperationBarbarossa/Kits/Commissar/Materials/hat__LP_2_1_pod_substance__Material_001_Normal_1001,Texture2D,Soft From Unassigned Package? Best Guess: /HDAssets/Core/PALBL_HDAssetsCore->/HDAssets/Core/BP_HDGameInstance->/HDCore/Core/BP_HDGameInstanceBase->/HDCore/Maps/Dev/AAS-TestMap->/OperationBarbarossa/Factions/BP_SovietArmy->/OperationBarbarossa/Kits/ATRifleman/BP_USSR_AT_Rifleman->/OperationBarbarossa/Kits/DT_USSR_CharacterVariations->/OperationBarbarossa/Kits/Commissar/USSR_Commissar->/OperationBarbarossa/Kits/Commissar/Materials/Hat->/OperationBarbarossa/Kits/Commissar/Materials/hat__LP_2_1_pod_substance__Material_001_Normal_1001,22371444,None
0,/OperationBarbarossa/Kits/Commissar/Materials/hat__LP_2_1_pod_substance__Material_001_Roughness_1001,Texture2D,Soft From Unassigned Package? Best Guess: /HDAssets/Core/PALBL_HDAssetsCore->/HDAssets/Core/BP_HDGameInstance->/HDCore/Core/BP_HDGameInstanceBase->/HDCore/Maps/Dev/AAS-TestMap->/OperationBarbarossa/Factions/BP_SovietArmy->/OperationBarbarossa/Kits/ATRifleman/BP_USSR_AT_Rifleman->/OperationBarbarossa/Kits/DT_USSR_CharacterVariations->/OperationBarbarossa/Kits/Commissar/USSR_Commissar->/OperationBarbarossa/Kits/Commissar/Materials/Hat->/OperationBarbarossa/Kits/Commissar/Materials/hat__LP_2_1_pod_substance__Material_001_Roughness_1001,11186307,None
0,/OperationBarbarossa/Kits/Commissar/Materials/SoldierUSSR_Sleeves,MaterialInstanceConstant,Soft From Unassigned Package? Best Guess: /HDAssets/Core/PALBL_HDAssetsCore->/HDAssets/Core/BP_HDGameInstance->/HDCore/Core/BP_HDGameInstanceBase->/HDCore/Maps/Dev/AAS-TestMap->/OperationBarbarossa/Factions/BP_SovietArmy->/OperationBarbarossa/Kits/ATRifleman/BP_USSR_AT_Rifleman->/OperationBarbarossa/Kits/DT_USSR_CharacterVariations->/OperationBarbarossa/Kits/Commissar/USSR_Commissar->/OperationBarbarossa/Kits/Commissar/Materials/SoldierUSSR_Sleeves,224049,None
0,/OperationBarbarossa/Kits/Commissar/USSR_Arms,MaterialInstanceConstant,Soft From Unassigned Package? Best Guess: /HDAssets/Core/PALBL_HDAssetsCore->/HDAssets/Core/BP_HDGameInstance->/HDCore/Core/BP_HDGameInstanceBase->/HDCore/Maps/Dev/AAS-TestMap->/OperationBarbarossa/Factions/BP_SovietArmy->/OperationBarbarossa/Kits/ATRifleman/BP_USSR_AT_Rifleman->/OperationBarbarossa/Kits/DT_USSR_CharacterVariations->/OperationBarbarossa/Kits/Commissar/USSR_Arms_SM->/OperationBarbarossa/Kits/Commissar/USSR_Arms,224878,None
0,/OperationBarbarossa/Kits/Commissar/USSR_Arms_SM,SkeletalMesh,Soft From Unassigned Package? Best Guess: /HDAssets/Core/PALBL_HDAssetsCore->/HDAssets/Core/BP_HDGameInstance->/HDCore/Core/BP_HDGameInstanceBase->/HDCore/Maps/Dev/AAS-TestMap->/OperationBarbarossa/Factions/BP_SovietArmy->/OperationBarbarossa/Kits/ATRifleman/BP_USSR_AT_Rifleman->/OperationBarbarossa/Kits/DT_USSR_CharacterVariations->/OperationBarbarossa/Kits/Commissar/USSR_Arms_SM,2315086,None
0,/OperationBarbarossa/Kits/Commissar/USSR_Commissar,SkeletalMesh,Soft From Unassigned Package? Best Guess: /HDAssets/Core/PALBL_HDAssetsCore->/HDAssets/Core/BP_HDGameInstance->/HDCore/Core/BP_HDGameInstanceBase->/HDCore/Maps/Dev/AAS-TestMap->/OperationBarbarossa/Factions/BP_SovietArmy->/OperationBarbarossa/Kits/ATRifleman/BP_USSR_AT_Rifleman->/OperationBarbarossa/Kits/DT_USSR_CharacterVariations->/OperationBarbarossa/Kits/Commissar/USSR_Commissar,4167602,None
0,/OperationBarbarossa/Kits/Commissar/USSR_Commissar_PhysicsAsset,PhysicsAsset,Soft From Unassigned Package? Best Guess: /HDAssets/Core/PALBL_HDAssetsCore->/HDAssets/Core/BP_HDGameInstance->/HDCore/Core/BP_HDGameInstanceBase->/HDCore/Maps/Dev/AAS-TestMap->/OperationBarbarossa/Factions/BP_SovietArmy->/OperationBarbarossa/Kits/ATRifleman/BP_USSR_AT_Rifleman->/OperationBarbarossa/Kits/DT_USSR_CharacterVariations->/OperationBarbarossa/Kits/Commissar/USSR_Commissar->/OperationBarbarossa/Kits/Commissar/USSR_Commissar_PhysicsAsset,36094,None
0,/OperationBarbarossa/Kits/Conscript/BP_USSR_Conscript,HDKit,Soft From Unassigned Package? Best Guess: /HDAssets/Core/PALBL_HDAssetsCore->/HDAssets/Core/BP_HDGameInstance->/HDCore/Core/BP_HDGameInstanceBase->/HDCore/Maps/Dev/AAS-TestMap->/OperationBarbarossa/Factions/BP_SovietArmy->/OperationBarbarossa/Kits/Conscript/BP_USSR_Conscript,3754,None
0,/OperationBarbarossa/Kits/Conscript/SoldierUSSR_ClothingGear,MaterialInstanceConstant,Soft From Unassigned Package? Best Guess: /HDAssets/Core/PALBL_HDAssetsCore->/HDAssets/Core/BP_HDGameInstance->/HDCore/Core/BP_HDGameInstanceBase->/HDCore/Maps/Dev/AAS-TestMap->/OperationBarbarossa/Factions/BP_SovietArmy->/OperationBarbarossa/Kits/ATRifleman/BP_USSR_AT_Rifleman->/OperationBarbarossa/Kits/DT_USSR_CharacterVariations->/OperationBarbarossa/Kits/Commissar/USSR_Commissar->/OperationBarbarossa/Kits/Conscript/SoldierUSSR_ClothingGear,224049,None
0,/OperationBarbarossa/Kits/Conscript/USSR_Conscript,SkeletalMesh,Soft From Unassigned Package? Best Guess: /HDAssets/Core/PALBL_HDAssetsCore->/HDAssets/Core/BP_HDGameInstance->/HDCore/Core/BP_HDGameInstanceBase->/HDCore/Maps/Dev/AAS-TestMap->/OperationBarbarossa/Factions/BP_SovietArmy->/OperationBarbarossa/Kits/ATRifleman/BP_USSR_AT_Rifleman->/OperationBarbarossa/Kits/DT_USSR_CharacterVariations->/OperationBarbarossa/Kits/Conscript/USSR_Conscript,3683785,None
0,/OperationBarbarossa/Kits/Conscript/USSR_Conscript_PhysicsAsset,PhysicsAsset,Soft From Unassigned Package? Best Guess: /HDAssets/Core/PALBL_HDAssetsCore->/HDAssets/Core/BP_HDGameInstance->/HDCore/Core/BP_HDGameInstanceBase->/HDCore/Maps/Dev/AAS-TestMap->/OperationBarbarossa/Factions/BP_SovietArmy->/OperationBarbarossa/Kits/ATRifleman/BP_USSR_AT_Rifleman->/OperationBarbarossa/Kits/DT_USSR_CharacterVariations->/OperationBarbarossa/Kits/Conscript/USSR_Conscript->/OperationBarbarossa/Kits/Conscript/USSR_Conscript_PhysicsAsset,37805,None
0,/OperationBarbarossa/Kits/DT_USSR_CharacterVariations,DataTable,Soft From Unassigned Package? Best Guess: /HDAssets/Core/PALBL_HDAssetsCore->/HDAssets/Core/BP_HDGameInstance->/HDCore/Core/BP_HDGameInstanceBase->/HDCore/Maps/Dev/AAS-TestMap->/OperationBarbarossa/Factions/BP_SovietArmy->/OperationBarbarossa/Kits/ATRifleman/BP_USSR_AT_Rifleman->/OperationBarbarossa/Kits/DT_USSR_CharacterVariations,3054,None
0,/OperationBarbarossa/Kits/Flamethrower/BP_USSR_Flamethrower,HDKit,Soft From Unassigned Package? Best Guess: /HDAssets/Core/PALBL_HDAssetsCore->/HDAssets/Core/BP_HDGameInstance->/HDCore/Core/BP_HDGameInstanceBase->/HDCore/Maps/Dev/AAS-TestMap->/OperationBarbarossa/Factions/BP_SovietArmy->/OperationBarbarossa/Kits/Flamethrower/BP_USSR_Flamethrower,4708,None
0,/OperationBarbarossa/Kits/Flamethrower/Cap,MaterialInstanceConstant,Soft From Unassigned Package? Best Guess: /HDAssets/Core/PALBL_HDAssetsCore->/HDAssets/Core/BP_HDGameInstance->/HDCore/Core/BP_HDGameInstanceBase->/HDCore/Maps/Dev/AAS-TestMap->/OperationBarbarossa/Factions/BP_SovietArmy->/OperationBarbarossa/Kits/ATRifleman/BP_USSR_AT_Rifleman->/OperationBarbarossa/Kits/DT_USSR_CharacterVariations->/OperationBarbarossa/Kits/Flamethrower/USSR_Flamethrower->/OperationBarbarossa/Kits/Flamethrower/Cap,5017,None
0,/OperationBarbarossa/Kits/Flamethrower/Cap1,MaterialInstanceConstant,Soft From Unassigned Package? Best Guess: /HDAssets/Core/PALBL_HDAssetsCore->/HDAssets/Core/BP_HDGameInstance->/HDCore/Core/BP_HDGameInstanceBase->/HDCore/Maps/Dev/AAS-TestMap->/OperationBarbarossa/Factions/BP_SovietArmy->/OperationBarbarossa/Kits/ATRifleman/BP_USSR_AT_Rifleman->/OperationBarbarossa/Kits/DT_USSR_CharacterVariations->/OperationBarbarossa/Kits/Flamethrower/USSR_Flamethrower->/OperationBarbarossa/Kits/Flamethrower/Cap1,5067,None
0,/OperationBarbarossa/Kits/Flamethrower/jap_cap_Arma_Material_018_BaseColor,Texture2D,Soft From Unassigned Package? Best Guess: /HDAssets/Core/PALBL_HDAssetsCore->/HDAssets/Core/BP_HDGameInstance->/HDCore/Core/BP_HDGameInstanceBase->/HDCore/Maps/Dev/AAS-TestMap->/OperationBarbarossa/Factions/BP_SovietArmy->/OperationBarbarossa/Kits/ATRifleman/BP_USSR_AT_Rifleman->/OperationBarbarossa/Kits/DT_USSR_CharacterVariations->/OperationBarbarossa/Kits/Flamethrower/USSR_Flamethrower->/OperationBarbarossa/Kits/Flamethrower/Cap->/OperationBarbarossa/Kits/Flamethrower/jap_cap_Arma_Material_018_BaseColor,2797628,None
0,/OperationBarbarossa/Kits/Flamethrower/jap_cap_Arma_Material_018_Normal,Texture2D,Soft From Unassigned Package? Best Guess: /HDAssets/Core/PALBL_HDAssetsCore->/HDAssets/Core/BP_HDGameInstance->/HDCore/Core/BP_HDGameInstanceBase->/HDCore/Maps/Dev/AAS-TestMap->/OperationBarbarossa/Factions/BP_SovietArmy->/OperationBarbarossa/Kits/ATRifleman/BP_USSR_AT_Rifleman->/OperationBarbarossa/Kits/DT_USSR_CharacterVariations->/OperationBarbarossa/Kits/Flamethrower/USSR_Flamethrower->/OperationBarbarossa/Kits/Flamethrower/Cap->/OperationBarbarossa/Kits/Flamethrower/jap_cap_Arma_Material_018_Normal,5594157,None
0,/OperationBarbarossa/Kits/Flamethrower/jap_cap_Arma_Material_018_Roughness,Texture2D,Soft From Unassigned Package? Best Guess: /HDAssets/Core/PALBL_HDAssetsCore->/HDAssets/Core/BP_HDGameInstance->/HDCore/Core/BP_HDGameInstanceBase->/HDCore/Maps/Dev/AAS-TestMap->/OperationBarbarossa/Factions/BP_SovietArmy->/OperationBarbarossa/Kits/ATRifleman/BP_USSR_AT_Rifleman->/OperationBarbarossa/Kits/DT_USSR_CharacterVariations->/OperationBarbarossa/Kits/Flamethrower/USSR_Flamethrower->/OperationBarbarossa/Kits/Flamethrower/Cap->/OperationBarbarossa/Kits/Flamethrower/jap_cap_Arma_Material_018_Roughness,2797628,None
0,/OperationBarbarossa/Kits/Flamethrower/MI_GoggleGlass,MaterialInstanceConstant,Soft From Unassigned Package? Best Guess: /HDAssets/Core/PALBL_HDAssetsCore->/HDAssets/Core/BP_HDGameInstance->/HDCore/Core/BP_HDGameInstanceBase->/HDCore/Maps/Dev/AAS-TestMap->/OperationBarbarossa/Factions/BP_SovietArmy->/OperationBarbarossa/Kits/ATRifleman/BP_USSR_AT_Rifleman->/OperationBarbarossa/Kits/DT_USSR_CharacterVariations->/OperationBarbarossa/Kits/Flamethrower/USSR_Flamethrower->/OperationBarbarossa/Kits/Flamethrower/MI_GoggleGlass,3717,None
0,/OperationBarbarossa/Kits/Flamethrower/swdg_L_jewgel_co_paa___jewgel_rvmat_BaseCo,Texture2D,Soft From Unassigned Package? Best Guess: /HDAssets/Core/PALBL_HDAssetsCore->/HDAssets/Core/BP_HDGameInstance->/HDCore/Core/BP_HDGameInstanceBase->/HDCore/Maps/Dev/AAS-TestMap->/OperationBarbarossa/Factions/BP_SovietArmy->/OperationBarbarossa/Kits/ATRifleman/BP_USSR_AT_Rifleman->/OperationBarbarossa/Kits/DT_USSR_CharacterVariations->/OperationBarbarossa/Kits/Flamethrower/USSR_Flamethrower->/OperationBarbarossa/Kits/Flamethrower/Cap1->/OperationBarbarossa/Kits/Flamethrower/swdg_L_jewgel_co_paa___jewgel_rvmat_BaseCo,700454,None
0,/OperationBarbarossa/Kits/Flamethrower/swdg_L_jewgel_co_paa___jewgel_rvmat_Normal,Texture2D,Soft From Unassigned Package? Best Guess: /HDAssets/Core/PALBL_HDAssetsCore->/HDAssets/Core/BP_HDGameInstance->/HDCore/Core/BP_HDGameInstanceBase->/HDCore/Maps/Dev/AAS-TestMap->/OperationBarbarossa/Factions/BP_SovietArmy->/OperationBarbarossa/Kits/ATRifleman/BP_USSR_AT_Rifleman->/OperationBarbarossa/Kits/DT_USSR_CharacterVariations->/OperationBarbarossa/Kits/Flamethrower/USSR_Flamethrower->/OperationBarbarossa/Kits/Flamethrower/Cap1->/OperationBarbarossa/Kits/Flamethrower/swdg_L_jewgel_co_paa___jewgel_rvmat_Normal,1399837,None
0,/OperationBarbarossa/Kits/Flamethrower/swdg_L_jewgel_co_paa___jewgel_rvmat_Roughn,Texture2D,Soft From Unassigned Package? Best Guess: /HDAssets/Core/PALBL_HDAssetsCore->/HDAssets/Core/BP_HDGameInstance->/HDCore/Core/BP_HDGameInstanceBase->/HDCore/Maps/Dev/AAS-TestMap->/OperationBarbarossa/Factions/BP_SovietArmy->/OperationBarbarossa/Kits/ATRifleman/BP_USSR_AT_Rifleman->/OperationBarbarossa/Kits/DT_USSR_CharacterVariations->/OperationBarbarossa/Kits/Flamethrower/USSR_Flamethrower->/OperationBarbarossa/Kits/Flamethrower/Cap1->/OperationBarbarossa/Kits/Flamethrower/swdg_L_jewgel_co_paa___jewgel_rvmat_Roughn,700454,None
0,/OperationBarbarossa/Kits/Flamethrower/USSR_Flamethrower,SkeletalMesh,Soft From Unassigned Package? Best Guess: /HDAssets/Core/PALBL_HDAssetsCore->/HDAssets/Core/BP_HDGameInstance->/HDCore/Core/BP_HDGameInstanceBase->/HDCore/Maps/Dev/AAS-TestMap->/OperationBarbarossa/Factions/BP_SovietArmy->/OperationBarbarossa/Kits/ATRifleman/BP_USSR_AT_Rifleman->/OperationBarbarossa/Kits/DT_USSR_CharacterVariations->/OperationBarbarossa/Kits/Flamethrower/USSR_Flamethrower,4706462,None
0,/OperationBarbarossa/Kits/Flamethrower/USSR_Flamethrower_PhysicsAsset,PhysicsAsset,Soft From Unassigned Package? Best Guess: /HDAssets/Core/PALBL_HDAssetsCore->/HDAssets/Core/BP_HDGameInstance->/HDCore/Core/BP_HDGameInstanceBase->/HDCore/Maps/Dev/AAS-TestMap->/OperationBarbarossa/Factions/BP_SovietArmy->/OperationBarbarossa/Kits/ATRifleman/BP_USSR_AT_Rifleman->/OperationBarbarossa/Kits/DT_USSR_CharacterVariations->/OperationBarbarossa/Kits/Flamethrower/USSR_Flamethrower->/OperationBarbarossa/Kits/Flamethrower/USSR_Flamethrower_PhysicsAsset,27672,None
0,/OperationBarbarossa/Kits/MachineGunner/BP_USSR_Machinegunner,HDKit,Soft From Unassigned Package? Best Guess: /HDAssets/Core/PALBL_HDAssetsCore->/HDAssets/Core/BP_HDGameInstance->/HDCore/Core/BP_HDGameInstanceBase->/HDCore/Maps/Dev/AAS-TestMap->/OperationBarbarossa/Factions/BP_SovietArmy->/OperationBarbarossa/Kits/MachineGunner/BP_USSR_Machinegunner,4767,None
0,/OperationBarbarossa/Kits/MachineGunner/USSR_Machine_Gunner,Texture2D,Soft From Unassigned Package? Best Guess: /HDAssets/Core/PALBL_HDAssetsCore->/HDAssets/Core/BP_HDGameInstance->/HDCore/Core/BP_HDGameInstanceBase->/HDCore/Maps/Dev/AAS-TestMap->/OperationBarbarossa/Factions/BP_SovietArmy->/OperationBarbarossa/Kits/MachineGunner/BP_USSR_Machinegunner->/OperationBarbarossa/Kits/MachineGunner/USSR_Machine_Gunner,3911,None
0,/OperationBarbarossa/Kits/Medic/BP_USSR_Medic,HDKit,Soft From Unassigned Package? Best Guess: /HDAssets/Core/PALBL_HDAssetsCore->/HDAssets/Core/BP_HDGameInstance->/HDCore/Core/BP_HDGameInstanceBase->/HDCore/Maps/Dev/AAS-TestMap->/OperationBarbarossa/Factions/BP_SovietArmy->/OperationBarbarossa/Kits/Medic/BP_USSR_Medic,5102,None
0,/OperationBarbarossa/Kits/Radioman/BP_USSR_Radioman,HDKit,Soft From Unassigned Package? Best Guess: /HDAssets/Core/PALBL_HDAssetsCore->/HDAssets/Core/BP_HDGameInstance->/HDCore/Core/BP_HDGameInstanceBase->/HDCore/Maps/Dev/AAS-TestMap->/OperationBarbarossa/Factions/BP_SovietArmy->/OperationBarbarossa/Kits/Radioman/BP_USSR_Radioman,4980,None
0,/OperationBarbarossa/Kits/Rifleman/BP_USSR_Rifleman,HDKit,Soft From Unassigned Package? Best Guess: /HDAssets/Core/PALBL_HDAssetsCore->/HDAssets/Core/BP_HDGameInstance->/HDCore/Core/BP_HDGameInstanceBase->/HDCore/Maps/Dev/AAS-TestMap->/OperationBarbarossa/Factions/BP_SovietArmy->/OperationBarbarossa/Kits/Rifleman/BP_USSR_Rifleman,4764,None
0,/OperationBarbarossa/Kits/Rifleman/USSR_Rifleman,Texture2D,Soft From Unassigned Package? Best Guess: /HDAssets/Core/PALBL_HDAssetsCore->/HDAssets/Core/BP_HDGameInstance->/HDCore/Core/BP_HDGameInstanceBase->/HDCore/Maps/Dev/AAS-TestMap->/OperationBarbarossa/Factions/BP_SovietArmy->/OperationBarbarossa/Kits/Conscript/BP_USSR_Conscript->/OperationBarbarossa/Kits/Rifleman/USSR_Rifleman,3894,None
0,/OperationBarbarossa/Kits/ShockRifleman/Armor,MaterialInstanceConstant,Soft From Unassigned Package? Best Guess: /HDAssets/Core/PALBL_HDAssetsCore->/HDAssets/Core/BP_HDGameInstance->/HDCore/Core/BP_HDGameInstanceBase->/HDCore/Maps/Dev/AAS-TestMap->/OperationBarbarossa/Factions/BP_SovietArmy->/OperationBarbarossa/Kits/ATRifleman/BP_USSR_AT_Rifleman->/OperationBarbarossa/Kits/DT_USSR_CharacterVariations->/OperationBarbarossa/Kits/ShockRifleman/USSR_Shock_Rifleman->/OperationBarbarossa/Kits/ShockRifleman/Armor,222352,None
0,/OperationBarbarossa/Kits/ShockRifleman/BP_USSR_ShockRifleman,HDKit,Soft From Unassigned Package? Best Guess: /HDAssets/Core/PALBL_HDAssetsCore->/HDAssets/Core/BP_HDGameInstance->/HDCore/Core/BP_HDGameInstanceBase->/HDCore/Maps/Dev/AAS-TestMap->/OperationBarbarossa/Factions/BP_SovietArmy->/OperationBarbarossa/Kits/ShockRifleman/BP_USSR_ShockRifleman,5130,None
0,/OperationBarbarossa/Kits/ShockRifleman/Gray,Texture2D,Soft From Unassigned Package? Best Guess: /HDAssets/Core/PALBL_HDAssetsCore->/HDAssets/Core/BP_HDGameInstance->/HDCore/Core/BP_HDGameInstanceBase->/HDCore/Maps/Dev/AAS-TestMap->/OperationBarbarossa/Factions/BP_SovietArmy->/OperationBarbarossa/Kits/ATRifleman/BP_USSR_AT_Rifleman->/OperationBarbarossa/Kits/DT_USSR_CharacterVariations->/OperationBarbarossa/Kits/ShockRifleman/USSR_Shock_Rifleman->/OperationBarbarossa/Kits/ShockRifleman/Armor->/OperationBarbarossa/Kits/ShockRifleman/Gray,1119,None
0,/OperationBarbarossa/Kits/ShockRifleman/USSR_Shock_Rifleman,SkeletalMesh,Soft From Unassigned Package? Best Guess: /HDAssets/Core/PALBL_HDAssetsCore->/HDAssets/Core/BP_HDGameInstance->/HDCore/Core/BP_HDGameInstanceBase->/HDCore/Maps/Dev/AAS-TestMap->/OperationBarbarossa/Factions/BP_SovietArmy->/OperationBarbarossa/Kits/ATRifleman/BP_USSR_AT_Rifleman->/OperationBarbarossa/Kits/DT_USSR_CharacterVariations->/OperationBarbarossa/Kits/ShockRifleman/USSR_Shock_Rifleman,4031150,None
0,/OperationBarbarossa/Kits/ShockRifleman/USSR_Shock_Rifleman_Icon,Texture2D,Soft From Unassigned Package? Best Guess: /HDAssets/Core/PALBL_HDAssetsCore->/HDAssets/Core/BP_HDGameInstance->/HDCore/Core/BP_HDGameInstanceBase->/HDCore/Maps/Dev/AAS-TestMap->/OperationBarbarossa/Factions/BP_SovietArmy->/OperationBarbarossa/Kits/ShockRifleman/BP_USSR_ShockRifleman->/OperationBarbarossa/Kits/ShockRifleman/USSR_Shock_Rifleman_Icon,3960,None
0,/OperationBarbarossa/Kits/ShockRifleman/USSR_Shock_Rifleman_PhysicsAsset,PhysicsAsset,Soft From Unassigned Package? Best Guess: /HDAssets/Core/PALBL_HDAssetsCore->/HDAssets/Core/BP_HDGameInstance->/HDCore/Core/BP_HDGameInstanceBase->/HDCore/Maps/Dev/AAS-TestMap->/OperationBarbarossa/Factions/BP_SovietArmy->/OperationBarbarossa/Kits/ATRifleman/BP_USSR_AT_Rifleman->/OperationBarbarossa/Kits/DT_USSR_CharacterVariations->/OperationBarbarossa/Kits/ShockRifleman/USSR_Shock_Rifleman->/OperationBarbarossa/Kits/ShockRifleman/USSR_Shock_Rifleman_PhysicsAsset,32705,None
0,/OperationBarbarossa/Kits/Sniper/BP_USSR_Sniper,HDKit,Soft From Unassigned Package? Best Guess: /HDAssets/Core/PALBL_HDAssetsCore->/HDAssets/Core/BP_HDGameInstance->/HDCore/Core/BP_HDGameInstanceBase->/HDCore/Maps/Dev/AAS-TestMap->/OperationBarbarossa/Factions/BP_SovietArmy->/OperationBarbarossa/Kits/Sniper/BP_USSR_Sniper,5412,None
0,/OperationBarbarossa/Kits/Sniper/Clothing,MaterialInstanceConstant,Soft From Unassigned Package? Best Guess: /HDAssets/Core/PALBL_HDAssetsCore->/HDAssets/Core/BP_HDGameInstance->/HDCore/Core/BP_HDGameInstanceBase->/HDCore/Maps/Dev/AAS-TestMap->/OperationBarbarossa/Factions/BP_SovietArmy->/OperationBarbarossa/Kits/ATRifleman/BP_USSR_AT_Rifleman->/OperationBarbarossa/Kits/DT_USSR_CharacterVariations->/OperationBarbarossa/Kits/Sniper/USSR_Sniper->/OperationBarbarossa/Kits/Sniper/Clothing,4551,None
0,/OperationBarbarossa/Kits/Sniper/Equipment,MaterialInstanceConstant,Soft From Unassigned Package? Best Guess: /HDAssets/Core/PALBL_HDAssetsCore->/HDAssets/Core/BP_HDGameInstance->/HDCore/Core/BP_HDGameInstanceBase->/HDCore/Maps/Dev/AAS-TestMap->/OperationBarbarossa/Factions/BP_SovietArmy->/OperationBarbarossa/Kits/ATRifleman/BP_USSR_AT_Rifleman->/OperationBarbarossa/Kits/DT_USSR_CharacterVariations->/OperationBarbarossa/Kits/Sniper/USSR_Sniper->/OperationBarbarossa/Kits/Sniper/Equipment,4553,None
0,/OperationBarbarossa/Kits/Sniper/sov_eqipment_0_co,Texture2D,Soft From Unassigned Package? Best Guess: /HDAssets/Core/PALBL_HDAssetsCore->/HDAssets/Core/BP_HDGameInstance->/HDCore/Core/BP_HDGameInstanceBase->/HDCore/Maps/Dev/AAS-TestMap->/OperationBarbarossa/Factions/BP_SovietArmy->/OperationBarbarossa/Kits/ATRifleman/BP_USSR_AT_Rifleman->/OperationBarbarossa/Kits/DT_USSR_CharacterVariations->/OperationBarbarossa/Kits/Sniper/USSR_Sniper->/OperationBarbarossa/Kits/Sniper/Equipment->/OperationBarbarossa/Kits/Sniper/sov_eqipment_0_co,2797586,None
0,/OperationBarbarossa/Kits/Sniper/sov_eqipment_2_co,Texture2D,Soft From Unassigned Package? Best Guess: /HDAssets/Core/PALBL_HDAssetsCore->/HDAssets/Core/BP_HDGameInstance->/HDCore/Core/BP_HDGameInstanceBase->/HDCore/Maps/Dev/AAS-TestMap->/OperationBarbarossa/Factions/BP_SovietArmy->/OperationBarbarossa/Kits/ATRifleman/BP_USSR_AT_Rifleman->/OperationBarbarossa/Kits/DT_USSR_CharacterVariations->/OperationBarbarossa/Kits/Sniper/USSR_Sniper->/OperationBarbarossa/Kits/Sniper/Clothing->/OperationBarbarossa/Kits/Sniper/sov_eqipment_2_co,700398,None
0,/OperationBarbarossa/Kits/Sniper/USSR_Sniper,SkeletalMesh,Soft From Unassigned Package? Best Guess: /HDAssets/Core/PALBL_HDAssetsCore->/HDAssets/Core/BP_HDGameInstance->/HDCore/Core/BP_HDGameInstanceBase->/HDCore/Maps/Dev/AAS-TestMap->/OperationBarbarossa/Factions/BP_SovietArmy->/OperationBarbarossa/Kits/ATRifleman/BP_USSR_AT_Rifleman->/OperationBarbarossa/Kits/DT_USSR_CharacterVariations->/OperationBarbarossa/Kits/Sniper/USSR_Sniper,3630893,None
0,/OperationBarbarossa/Kits/Sniper/USSR_Sniper_Icon,Texture2D,Soft From Unassigned Package? Best Guess: /HDAssets/Core/PALBL_HDAssetsCore->/HDAssets/Core/BP_HDGameInstance->/HDCore/Core/BP_HDGameInstanceBase->/HDCore/Maps/Dev/AAS-TestMap->/OperationBarbarossa/Factions/BP_SovietArmy->/OperationBarbarossa/Kits/Sniper/BP_USSR_Sniper->/OperationBarbarossa/Kits/Sniper/USSR_Sniper_Icon,3898,None
0,/OperationBarbarossa/Kits/Sniper/USSR_Sniper_PhysicsAsset,PhysicsAsset,Soft From Unassigned Package? Best Guess: /HDAssets/Core/PALBL_HDAssetsCore->/HDAssets/Core/BP_HDGameInstance->/HDCore/Core/BP_HDGameInstanceBase->/HDCore/Maps/Dev/AAS-TestMap->/OperationBarbarossa/Factions/BP_SovietArmy->/OperationBarbarossa/Kits/ATRifleman/BP_USSR_AT_Rifleman->/OperationBarbarossa/Kits/DT_USSR_CharacterVariations->/OperationBarbarossa/Kits/Sniper/USSR_Sniper->/OperationBarbarossa/Kits/Sniper/USSR_Sniper_PhysicsAsset,29315,None
0,/OperationBarbarossa/Kits/USSR_Arms,MaterialInstanceConstant,Soft From Unassigned Package? Best Guess: /HDAssets/Core/PALBL_HDAssetsCore->/HDAssets/Core/BP_HDGameInstance->/HDCore/Core/BP_HDGameInstanceBase->/HDCore/Maps/Dev/AAS-TestMap->/OperationBarbarossa/Factions/BP_SovietArmy->/OperationBarbarossa/Kits/ATRifleman/BP_USSR_AT_Rifleman->/OperationBarbarossa/Kits/DT_USSR_CharacterVariations->/OperationBarbarossa/Kits/USSR_Arms_SM->/OperationBarbarossa/Kits/USSR_Arms,224868,None
0,/OperationBarbarossa/Kits/USSR_Arms_SM,SkeletalMesh,Soft From Unassigned Package? Best Guess: /HDAssets/Core/PALBL_HDAssetsCore->/HDAssets/Core/BP_HDGameInstance->/HDCore/Core/BP_HDGameInstanceBase->/HDCore/Maps/Dev/AAS-TestMap->/OperationBarbarossa/Factions/BP_SovietArmy->/OperationBarbarossa/Kits/ATRifleman/BP_USSR_AT_Rifleman->/OperationBarbarossa/Kits/DT_USSR_CharacterVariations->/OperationBarbarossa/Kits/USSR_Arms_SM,2315066,None
0,/OperationBarbarossa/MOD_OperationBarbarossa,HDModData,Hard,712,None
0,/OperationBarbarossa/Weapons/BundleF1/BP_AmmoClip_F1_Bundle,Blueprint,Soft From Unassigned Package? Best Guess: /HDAssets/Core/PALBL_HDAssetsCore->/HDAssets/Core/BP_HDGameInstance->/HDCore/Core/BP_HDGameInstanceBase->/HDCore/Maps/Dev/AAS-TestMap->/OperationBarbarossa/Factions/BP_SovietArmy->/OperationBarbarossa/Kits/ATRifleman/BP_USSR_AT_Rifleman->/OperationBarbarossa/Weapons/BundleF1/BP_Bundle_F1->/OperationBarbarossa/Weapons/BundleF1/BP_AmmoClip_F1_Bundle,3051,None
0,/OperationBarbarossa/Weapons/BundleF1/BP_Bundle_F1,Blueprint,Soft From Unassigned Package? Best Guess: /HDAssets/Core/PALBL_HDAssetsCore->/HDAssets/Core/BP_HDGameInstance->/HDCore/Core/BP_HDGameInstanceBase->/HDCore/Maps/Dev/AAS-TestMap->/OperationBarbarossa/Factions/BP_SovietArmy->/OperationBarbarossa/Kits/ATRifleman/BP_USSR_AT_Rifleman->/OperationBarbarossa/Weapons/BundleF1/BP_Bundle_F1,10219,None
0,/OperationBarbarossa/Weapons/BundleF1/F1_Bundle_Proj,Blueprint,Soft From Unassigned Package? Best Guess: /HDAssets/Core/PALBL_HDAssetsCore->/HDAssets/Core/BP_HDGameInstance->/HDCore/Core/BP_HDGameInstanceBase->/HDCore/Maps/Dev/AAS-TestMap->/OperationBarbarossa/Factions/BP_SovietArmy->/OperationBarbarossa/Kits/ATRifleman/BP_USSR_AT_Rifleman->/OperationBarbarossa/Weapons/BundleF1/BP_Bundle_F1->/OperationBarbarossa/Weapons/BundleF1/F1_Bundle_Proj,6744,None
0,/OperationBarbarossa/Weapons/BundleF1/USSR_F1_Bundle,SkeletalMesh,Soft From Unassigned Package? Best Guess: /HDAssets/Core/PALBL_HDAssetsCore->/HDAssets/Core/BP_HDGameInstance->/HDCore/Core/BP_HDGameInstanceBase->/HDCore/Maps/Dev/AAS-TestMap->/OperationBarbarossa/Factions/BP_SovietArmy->/OperationBarbarossa/Kits/ATRifleman/BP_USSR_AT_Rifleman->/OperationBarbarossa/Weapons/BundleF1/BP_Bundle_F1->/OperationBarbarossa/Weapons/BundleF1/USSR_F1_Bundle,2726619,None
0,/OperationBarbarossa/Weapons/BundleF1/USSR_F1_Bundle_PhysicsAsset,PhysicsAsset,Soft From Unassigned Package? Best Guess: /HDAssets/Core/PALBL_HDAssetsCore->/HDAssets/Core/BP_HDGameInstance->/HDCore/Core/BP_HDGameInstanceBase->/HDCore/Maps/Dev/AAS-TestMap->/OperationBarbarossa/Factions/BP_SovietArmy->/OperationBarbarossa/Kits/ATRifleman/BP_USSR_AT_Rifleman->/OperationBarbarossa/Weapons/BundleF1/BP_Bundle_F1->/OperationBarbarossa/Weapons/BundleF1/USSR_F1_Bundle->/OperationBarbarossa/Weapons/BundleF1/USSR_F1_Bundle_PhysicsAsset,5702,None
0,/OperationBarbarossa/Weapons/DP28/BP_USSR_DP28,Blueprint,Soft From Unassigned Package? Best Guess: /HDAssets/Core/PALBL_HDAssetsCore->/HDAssets/Core/BP_HDGameInstance->/HDCore/Core/BP_HDGameInstanceBase->/HDCore/Maps/Dev/AAS-TestMap->/OperationBarbarossa/Factions/BP_SovietArmy->/OperationBarbarossa/Kits/MachineGunner/BP_USSR_Machinegunner->/OperationBarbarossa/Weapons/DP28/BP_USSR_DP28,13854,None
0,/OperationBarbarossa/Weapons/DP28/USSR_DP27_Icon,Texture2D,Soft From Unassigned Package? Best Guess: /HDAssets/Core/PALBL_HDAssetsCore->/HDAssets/Core/BP_HDGameInstance->/HDCore/Core/BP_HDGameInstanceBase->/HDCore/Maps/Dev/AAS-TestMap->/OperationBarbarossa/Factions/BP_SovietArmy->/OperationBarbarossa/Kits/MachineGunner/BP_USSR_Machinegunner->/OperationBarbarossa/Weapons/DP28/BP_USSR_DP28->/OperationBarbarossa/Weapons/DP28/USSR_DP27_Icon,79911,None
0,/OperationBarbarossa/Weapons/DP28/USSR_DP28_Ammo,Blueprint,Soft From Unassigned Package? Best Guess: /HDAssets/Core/PALBL_HDAssetsCore->/HDAssets/Core/BP_HDGameInstance->/HDCore/Core/BP_HDGameInstanceBase->/HDCore/Maps/Dev/AAS-TestMap->/OperationBarbarossa/Factions/BP_SovietArmy->/OperationBarbarossa/Kits/MachineGunner/BP_USSR_Machinegunner->/OperationBarbarossa/Weapons/DP28/BP_USSR_DP28->/OperationBarbarossa/Weapons/DP28/USSR_DP28_Ammo,3232,None
0,/OperationBarbarossa/Weapons/Grenades/BP_USSR_F1,Blueprint,Soft From Unassigned Package? Best Guess: /HDAssets/Core/PALBL_HDAssetsCore->/HDAssets/Core/BP_HDGameInstance->/HDCore/Core/BP_HDGameInstanceBase->/HDCore/Maps/Dev/AAS-TestMap->/OperationBarbarossa/Factions/BP_SovietArmy->/OperationBarbarossa/Kits/Commissar/BP_USSR_Commissar->/OperationBarbarossa/Weapons/Grenades/BP_USSR_F1,9906,None
0,/OperationBarbarossa/Weapons/Grenades/BP_USSR_GrenadeBase,Blueprint,Soft From Unassigned Package? Best Guess: /HDAssets/Core/PALBL_HDAssetsCore->/HDAssets/Core/BP_HDGameInstance->/HDCore/Core/BP_HDGameInstanceBase->/HDCore/Maps/Dev/AAS-TestMap->/OperationBarbarossa/Factions/BP_SovietArmy->/OperationBarbarossa/Kits/ATRifleman/BP_USSR_AT_Rifleman->/OperationBarbarossa/Weapons/BundleF1/BP_Bundle_F1->/OperationBarbarossa/Weapons/BundleF1/F1_Bundle_Proj->/OperationBarbarossa/Weapons/Grenades/BP_USSR_GrenadeBase,14197,None
0,/OperationBarbarossa/Weapons/Grenades/F1,Blueprint,Soft From Unassigned Package? Best Guess: /HDAssets/Core/PALBL_HDAssetsCore->/HDAssets/Core/BP_HDGameInstance->/HDCore/Core/BP_HDGameInstanceBase->/HDCore/Maps/Dev/AAS-TestMap->/OperationBarbarossa/Factions/BP_SovietArmy->/OperationBarbarossa/Kits/Commissar/BP_USSR_Commissar->/OperationBarbarossa/Weapons/Grenades/BP_USSR_F1->/OperationBarbarossa/Weapons/Grenades/F1,4138,None
0,/OperationBarbarossa/Weapons/Grenades/Smokes/P_SmokeHeavy_Green,ParticleSystem,Soft From Unassigned Package? Best Guess: /HDAssets/Core/PALBL_HDAssetsCore->/HDAssets/Core/BP_HDGameInstance->/HDCore/Core/BP_HDGameInstanceBase->/HDCore/Maps/Dev/AAS-TestMap->/OperationBarbarossa/Factions/BP_SovietArmy->/OperationBarbarossa/Kits/Radioman/BP_USSR_Radioman->/OperationBarbarossa/Weapons/Grenades/Smokes/RDG2_Green->/OperationBarbarossa/Weapons/Grenades/Smokes/RDG2_Green_Proj->/OperationBarbarossa/Weapons/Grenades/Smokes/P_SmokeHeavy_Green,109760,None
0,/OperationBarbarossa/Weapons/Grenades/Smokes/P_SmokeHeavy_Red,ParticleSystem,Soft From Unassigned Package? Best Guess: /HDAssets/Core/PALBL_HDAssetsCore->/HDAssets/Core/BP_HDGameInstance->/HDCore/Core/BP_HDGameInstanceBase->/HDCore/Maps/Dev/AAS-TestMap->/OperationBarbarossa/Factions/BP_SovietArmy->/OperationBarbarossa/Kits/Radioman/BP_USSR_Radioman->/OperationBarbarossa/Weapons/Grenades/Smokes/RDG2_Red->/OperationBarbarossa/Weapons/Grenades/Smokes/RDG2_Red_Proj->/OperationBarbarossa/Weapons/Grenades/Smokes/P_SmokeHeavy_Red,109756,None
0,/OperationBarbarossa/Weapons/Grenades/Smokes/RDG2_Green,Blueprint,Soft From Unassigned Package? Best Guess: /HDAssets/Core/PALBL_HDAssetsCore->/HDAssets/Core/BP_HDGameInstance->/HDCore/Core/BP_HDGameInstanceBase->/HDCore/Maps/Dev/AAS-TestMap->/OperationBarbarossa/Factions/BP_SovietArmy->/OperationBarbarossa/Kits/Radioman/BP_USSR_Radioman->/OperationBarbarossa/Weapons/Grenades/Smokes/RDG2_Green,10025,None
0,/OperationBarbarossa/Weapons/Grenades/Smokes/RDG2_Green_Ammo,Blueprint,Soft From Unassigned Package? Best Guess: /HDAssets/Core/PALBL_HDAssetsCore->/HDAssets/Core/BP_HDGameInstance->/HDCore/Core/BP_HDGameInstanceBase->/HDCore/Maps/Dev/AAS-TestMap->/OperationBarbarossa/Factions/BP_SovietArmy->/OperationBarbarossa/Kits/Radioman/BP_USSR_Radioman->/OperationBarbarossa/Weapons/Grenades/Smokes/RDG2_Green->/OperationBarbarossa/Weapons/Grenades/Smokes/RDG2_Green_Ammo,3040,None
0,/OperationBarbarossa/Weapons/Grenades/Smokes/RDG2_Green_Proj,Blueprint,Soft From Unassigned Package? Best Guess: /HDAssets/Core/PALBL_HDAssetsCore->/HDAssets/Core/BP_HDGameInstance->/HDCore/Core/BP_HDGameInstanceBase->/HDCore/Maps/Dev/AAS-TestMap->/OperationBarbarossa/Factions/BP_SovietArmy->/OperationBarbarossa/Kits/Radioman/BP_USSR_Radioman->/OperationBarbarossa/Weapons/Grenades/Smokes/RDG2_Green->/OperationBarbarossa/Weapons/Grenades/Smokes/RDG2_Green_Proj,10297,None
0,/OperationBarbarossa/Weapons/Grenades/Smokes/RDG2_Red,Blueprint,Soft From Unassigned Package? Best Guess: /HDAssets/Core/PALBL_HDAssetsCore->/HDAssets/Core/BP_HDGameInstance->/HDCore/Core/BP_HDGameInstanceBase->/HDCore/Maps/Dev/AAS-TestMap->/OperationBarbarossa/Factions/BP_SovietArmy->/OperationBarbarossa/Kits/Radioman/BP_USSR_Radioman->/OperationBarbarossa/Weapons/Grenades/Smokes/RDG2_Red,10007,None
0,/OperationBarbarossa/Weapons/Grenades/Smokes/RDG2_Red_ammo,Blueprint,Soft From Unassigned Package? Best Guess: /HDAssets/Core/PALBL_HDAssetsCore->/HDAssets/Core/BP_HDGameInstance->/HDCore/Core/BP_HDGameInstanceBase->/HDCore/Maps/Dev/AAS-TestMap->/OperationBarbarossa/Factions/BP_SovietArmy->/OperationBarbarossa/Kits/Radioman/BP_USSR_Radioman->/OperationBarbarossa/Weapons/Grenades/Smokes/RDG2_Red->/OperationBarbarossa/Weapons/Grenades/Smokes/RDG2_Red_ammo,3034,None
0,/OperationBarbarossa/Weapons/Grenades/Smokes/RDG2_Red_Proj,Blueprint,Soft From Unassigned Package? Best Guess: /HDAssets/Core/PALBL_HDAssetsCore->/HDAssets/Core/BP_HDGameInstance->/HDCore/Core/BP_HDGameInstanceBase->/HDCore/Maps/Dev/AAS-TestMap->/OperationBarbarossa/Factions/BP_SovietArmy->/OperationBarbarossa/Kits/Radioman/BP_USSR_Radioman->/OperationBarbarossa/Weapons/Grenades/Smokes/RDG2_Red->/OperationBarbarossa/Weapons/Grenades/Smokes/RDG2_Red_Proj,10285,None
0,/OperationBarbarossa/Weapons/Grenades/USSR_Explosion_Cue,SoundCue,Soft From Unassigned Package? Best Guess: /HDAssets/Core/PALBL_HDAssetsCore->/HDAssets/Core/BP_HDGameInstance->/HDCore/Core/BP_HDGameInstanceBase->/HDCore/Maps/Dev/AAS-TestMap->/OperationBarbarossa/Factions/BP_SovietArmy->/OperationBarbarossa/Kits/Commissar/BP_USSR_Commissar->/OperationBarbarossa/Weapons/Grenades/BP_USSR_F1->/OperationBarbarossa/Weapons/Grenades/F1->/OperationBarbarossa/Weapons/Grenades/USSR_Explosion_Cue,10809,None
0,/OperationBarbarossa/Weapons/Molotov/BP_USSR_Molotov,Blueprint,Soft From Unassigned Package? Best Guess: /HDAssets/Core/PALBL_HDAssetsCore->/HDAssets/Core/BP_HDGameInstance->/HDCore/Core/BP_HDGameInstanceBase->/HDCore/Maps/Dev/AAS-TestMap->/OperationBarbarossa/Factions/BP_SovietArmy->/OperationBarbarossa/Kits/Flamethrower/BP_USSR_Flamethrower->/OperationBarbarossa/Weapons/Molotov/BP_USSR_Molotov,9929,None
0,/OperationBarbarossa/Weapons/Molotov/Material/albedo_tga,Texture2D,Soft From Unassigned Package? Best Guess: /OperationBarbarossa/Weapons/Molotov/Material/albedo_tga,2797585,None
0,/OperationBarbarossa/Weapons/Molotov/Material/gloss,Texture2D,Soft From Unassigned Package? Best Guess: /HDAssets/Core/PALBL_HDAssetsCore->/HDAssets/Core/BP_HDGameInstance->/HDCore/Core/BP_HDGameInstanceBase->/HDCore/Maps/Dev/AAS-TestMap->/OperationBarbarossa/Factions/BP_SovietArmy->/OperationBarbarossa/Kits/Flamethrower/BP_USSR_Flamethrower->/OperationBarbarossa/Weapons/Molotov/BP_USSR_Molotov->/OperationBarbarossa/Weapons/Molotov/USSR_Molotov->/OperationBarbarossa/Weapons/Molotov/Material/Molotov->/OperationBarbarossa/Weapons/Molotov/Material/gloss,2797575,None
0,/OperationBarbarossa/Weapons/Molotov/Material/Molotov,MaterialInstanceConstant,Soft From Unassigned Package? Best Guess: /HDAssets/Core/PALBL_HDAssetsCore->/HDAssets/Core/BP_HDGameInstance->/HDCore/Core/BP_HDGameInstanceBase->/HDCore/Maps/Dev/AAS-TestMap->/OperationBarbarossa/Factions/BP_SovietArmy->/OperationBarbarossa/Kits/Flamethrower/BP_USSR_Flamethrower->/OperationBarbarossa/Weapons/Molotov/BP_USSR_Molotov->/OperationBarbarossa/Weapons/Molotov/USSR_Molotov->/OperationBarbarossa/Weapons/Molotov/Material/Molotov,5482,None
0,/OperationBarbarossa/Weapons/Molotov/Material/normal_tga,Texture2D,Soft From Unassigned Package? Best Guess: /HDAssets/Core/PALBL_HDAssetsCore->/HDAssets/Core/BP_HDGameInstance->/HDCore/Core/BP_HDGameInstanceBase->/HDCore/Maps/Dev/AAS-TestMap->/OperationBarbarossa/Factions/BP_SovietArmy->/OperationBarbarossa/Kits/Flamethrower/BP_USSR_Flamethrower->/OperationBarbarossa/Weapons/Molotov/BP_USSR_Molotov->/OperationBarbarossa/Weapons/Molotov/USSR_Molotov->/OperationBarbarossa/Weapons/Molotov/Material/Molotov->/OperationBarbarossa/Weapons/Molotov/Material/normal_tga,5594120,None
0,/OperationBarbarossa/Weapons/Molotov/Material/specular_tga,Texture2D,Soft From Unassigned Package? Best Guess: /HDAssets/Core/PALBL_HDAssetsCore->/HDAssets/Core/BP_HDGameInstance->/HDCore/Core/BP_HDGameInstanceBase->/HDCore/Maps/Dev/AAS-TestMap->/OperationBarbarossa/Factions/BP_SovietArmy->/OperationBarbarossa/Kits/Flamethrower/BP_USSR_Flamethrower->/OperationBarbarossa/Weapons/Molotov/BP_USSR_Molotov->/OperationBarbarossa/Weapons/Molotov/USSR_Molotov->/OperationBarbarossa/Weapons/Molotov/Material/Molotov->/OperationBarbarossa/Weapons/Molotov/Material/specular_tga,2797589,None
0,/OperationBarbarossa/Weapons/Molotov/Molotov_Burn,SoundWave,Soft From Unassigned Package? Best Guess: /HDAssets/Core/PALBL_HDAssetsCore->/HDAssets/Core/BP_HDGameInstance->/HDCore/Core/BP_HDGameInstanceBase->/HDCore/Maps/Dev/AAS-TestMap->/OperationBarbarossa/Factions/BP_SovietArmy->/OperationBarbarossa/Kits/Flamethrower/BP_USSR_Flamethrower->/OperationBarbarossa/Weapons/Molotov/BP_USSR_Molotov->/OperationBarbarossa/Weapons/Molotov/Molotov_Proj_1->/OperationBarbarossa/Weapons/Molotov/Molotov_Fire->/OperationBarbarossa/Weapons/Molotov/Molotov_Burn,792349,None
0,/OperationBarbarossa/Weapons/Molotov/Molotov_Cue,SoundCue,Soft From Unassigned Package? Best Guess: /OperationBarbarossa/Weapons/Molotov/Molotov_Cue,9088,None
0,/OperationBarbarossa/Weapons/Molotov/Molotov_Cue1,SoundCue,Soft From Unassigned Package? Best Guess: /HDAssets/Core/PALBL_HDAssetsCore->/HDAssets/Core/BP_HDGameInstance->/HDCore/Core/BP_HDGameInstanceBase->/HDCore/Maps/Dev/AAS-TestMap->/OperationBarbarossa/Factions/BP_SovietArmy->/OperationBarbarossa/Kits/Flamethrower/BP_USSR_Flamethrower->/OperationBarbarossa/Weapons/Molotov/BP_USSR_Molotov->/OperationBarbarossa/Weapons/Molotov/Molotov_Proj_1->/OperationBarbarossa/Weapons/Molotov/Molotov_Cue1,9249,None
0,/OperationBarbarossa/Weapons/Molotov/Molotov_Explosion,SoundWave,Soft From Unassigned Package? Best Guess: /HDAssets/Core/PALBL_HDAssetsCore->/HDAssets/Core/BP_HDGameInstance->/HDCore/Core/BP_HDGameInstanceBase->/HDCore/Maps/Dev/AAS-TestMap->/OperationBarbarossa/Factions/BP_SovietArmy->/OperationBarbarossa/Kits/Flamethrower/BP_USSR_Flamethrower->/OperationBarbarossa/Weapons/Molotov/BP_USSR_Molotov->/OperationBarbarossa/Weapons/Molotov/Molotov_Proj_1->/OperationBarbarossa/Weapons/Molotov/Molotov_Cue1->/OperationBarbarossa/Weapons/Molotov/Molotov_Explosion,47241,None
0,/OperationBarbarossa/Weapons/Molotov/Molotov_Explosion_Burn,SoundWave,Soft From Unassigned Package? Best Guess: /HDAssets/Core/PALBL_HDAssetsCore->/HDAssets/Core/BP_HDGameInstance->/HDCore/Core/BP_HDGameInstanceBase->/HDCore/Maps/Dev/AAS-TestMap->/OperationBarbarossa/Factions/BP_SovietArmy->/OperationBarbarossa/Kits/Flamethrower/BP_USSR_Flamethrower->/OperationBarbarossa/Weapons/Molotov/BP_USSR_Molotov->/OperationBarbarossa/Weapons/Molotov/Molotov_Proj_1->/OperationBarbarossa/Weapons/Molotov/Molotov_Cue1->/OperationBarbarossa/Weapons/Molotov/Molotov_Explosion_Burn,793107,None
0,/OperationBarbarossa/Weapons/Molotov/Molotov_Fire,Blueprint,Soft From Unassigned Package? Best Guess: /HDAssets/Core/PALBL_HDAssetsCore->/HDAssets/Core/BP_HDGameInstance->/HDCore/Core/BP_HDGameInstanceBase->/HDCore/Maps/Dev/AAS-TestMap->/OperationBarbarossa/Factions/BP_SovietArmy->/OperationBarbarossa/Kits/Flamethrower/BP_USSR_Flamethrower->/OperationBarbarossa/Weapons/Molotov/BP_USSR_Molotov->/OperationBarbarossa/Weapons/Molotov/Molotov_Proj_1->/OperationBarbarossa/Weapons/Molotov/Molotov_Fire,12634,None
0,/OperationBarbarossa/Weapons/Molotov/Molotov_Proj_1,Blueprint,Soft From Unassigned Package? Best Guess: /HDAssets/Core/PALBL_HDAssetsCore->/HDAssets/Core/BP_HDGameInstance->/HDCore/Core/BP_HDGameInstanceBase->/HDCore/Maps/Dev/AAS-TestMap->/OperationBarbarossa/Factions/BP_SovietArmy->/OperationBarbarossa/Kits/Flamethrower/BP_USSR_Flamethrower->/OperationBarbarossa/Weapons/Molotov/BP_USSR_Molotov->/OperationBarbarossa/Weapons/Molotov/Molotov_Proj_1,11967,None
0,/OperationBarbarossa/Weapons/Molotov/USSR_Molotov,SkeletalMesh,Soft From Unassigned Package? Best Guess: /HDAssets/Core/PALBL_HDAssetsCore->/HDAssets/Core/BP_HDGameInstance->/HDCore/Core/BP_HDGameInstanceBase->/HDCore/Maps/Dev/AAS-TestMap->/OperationBarbarossa/Factions/BP_SovietArmy->/OperationBarbarossa/Kits/Flamethrower/BP_USSR_Flamethrower->/OperationBarbarossa/Weapons/Molotov/BP_USSR_Molotov->/OperationBarbarossa/Weapons/Molotov/USSR_Molotov,244140,None
0,/OperationBarbarossa/Weapons/Molotov/USSR_Molotov_Icon,Texture2D,Soft From Unassigned Package? Best Guess: /HDAssets/Core/PALBL_HDAssetsCore->/HDAssets/Core/BP_HDGameInstance->/HDCore/Core/BP_HDGameInstanceBase->/HDCore/Maps/Dev/AAS-TestMap->/OperationBarbarossa/Factions/BP_SovietArmy->/OperationBarbarossa/Kits/Flamethrower/BP_USSR_Flamethrower->/OperationBarbarossa/Weapons/Molotov/BP_USSR_Molotov->/OperationBarbarossa/Weapons/Molotov/USSR_Molotov_Icon,79773,None
0,/OperationBarbarossa/Weapons/Molotov/USSR_Molotov_PhysicsAsset,PhysicsAsset,Soft From Unassigned Package? Best Guess: /HDAssets/Core/PALBL_HDAssetsCore->/HDAssets/Core/BP_HDGameInstance->/HDCore/Core/BP_HDGameInstanceBase->/HDCore/Maps/Dev/AAS-TestMap->/OperationBarbarossa/Factions/BP_SovietArmy->/OperationBarbarossa/Kits/Flamethrower/BP_USSR_Flamethrower->/OperationBarbarossa/Weapons/Molotov/BP_USSR_Molotov->/OperationBarbarossa/Weapons/Molotov/USSR_Molotov->/OperationBarbarossa/Weapons/Molotov/USSR_Molotov_PhysicsAsset,2143,None
0,/OperationBarbarossa/Weapons/MosinCarbine/BP_Mosin_Carbine,Blueprint,Soft From Unassigned Package? Best Guess: /OperationBarbarossa/Weapons/MosinCarbine/BP_Mosin_Carbine,16307,None
0,/OperationBarbarossa/Weapons/MosinCarbine/Mosin_Carbine,MaterialInstanceConstant,Soft From Unassigned Package? Best Guess: /OperationBarbarossa/Weapons/MosinCarbine/BP_Mosin_Carbine->/OperationBarbarossa/Weapons/MosinCarbine/USSR_Carbine_Mosin->/OperationBarbarossa/Weapons/MosinCarbine/Mosin_Carbine,5669,None
0,/OperationBarbarossa/Weapons/MosinCarbine/Mosin_Carbine_Wood,MaterialInstanceConstant,Soft From Unassigned Package? Best Guess: /OperationBarbarossa/Weapons/MosinCarbine/BP_Mosin_Carbine->/OperationBarbarossa/Weapons/MosinCarbine/USSR_Carbine_Mosin->/OperationBarbarossa/Weapons/MosinCarbine/Mosin_Carbine_Wood,5693,None
0,/OperationBarbarossa/Weapons/MosinCarbine/Mosin_s_karabine_1938_SP_LOW_1_BaseColor,Texture2D,Soft From Unassigned Package? Best Guess: /OperationBarbarossa/Weapons/MosinCarbine/BP_Mosin_Carbine->/OperationBarbarossa/Weapons/MosinCarbine/USSR_Carbine_Mosin->/OperationBarbarossa/Weapons/MosinCarbine/Mosin_Carbine->/OperationBarbarossa/Weapons/MosinCarbine/Mosin_s_karabine_1938_SP_LOW_1_BaseColor,11186285,None
0,/OperationBarbarossa/Weapons/MosinCarbine/Mosin_s_karabine_1938_SP_LOW_1_Normal,Texture2D,Soft From Unassigned Package? Best Guess: /OperationBarbarossa/Weapons/MosinCarbine/BP_Mosin_Carbine->/OperationBarbarossa/Weapons/MosinCarbine/USSR_Carbine_Mosin->/OperationBarbarossa/Weapons/MosinCarbine/Mosin_Carbine->/OperationBarbarossa/Weapons/MosinCarbine/Mosin_s_karabine_1938_SP_LOW_1_Normal,22371422,None
0,/OperationBarbarossa/Weapons/MosinCarbine/Mosin_s_karabine_1938_SP_LOW_1_Roughness,Texture2D,Soft From Unassigned Package? Best Guess: /OperationBarbarossa/Weapons/MosinCarbine/BP_Mosin_Carbine->/OperationBarbarossa/Weapons/MosinCarbine/USSR_Carbine_Mosin->/OperationBarbarossa/Weapons/MosinCarbine/Mosin_Carbine->/OperationBarbarossa/Weapons/MosinCarbine/Mosin_s_karabine_1938_SP_LOW_1_Roughness,11186285,None
0,/OperationBarbarossa/Weapons/MosinCarbine/Mosin_s_karabine_1938_SP_LOW_wood_BaseColo,Texture2D,Soft From Unassigned Package? Best Guess: /OperationBarbarossa/Weapons/MosinCarbine/BP_Mosin_Carbine->/OperationBarbarossa/Weapons/MosinCarbine/USSR_Carbine_Mosin->/OperationBarbarossa/Weapons/MosinCarbine/Mosin_Carbine_Wood->/OperationBarbarossa/Weapons/MosinCarbine/Mosin_s_karabine_1938_SP_LOW_wood_BaseColo,11186289,None
0,/OperationBarbarossa/Weapons/MosinCarbine/Mosin_s_karabine_1938_SP_LOW_wood_Normal,Texture2D,Soft From Unassigned Package? Best Guess: /OperationBarbarossa/Weapons/MosinCarbine/BP_Mosin_Carbine->/OperationBarbarossa/Weapons/MosinCarbine/USSR_Carbine_Mosin->/OperationBarbarossa/Weapons/MosinCarbine/Mosin_Carbine_Wood->/OperationBarbarossa/Weapons/MosinCarbine/Mosin_s_karabine_1938_SP_LOW_wood_Normal,22371428,None
0,/OperationBarbarossa/Weapons/MosinCarbine/Mosin_s_karabine_1938_SP_LOW_wood_Roughnes,Texture2D,Soft From Unassigned Package? Best Guess: /OperationBarbarossa/Weapons/MosinCarbine/BP_Mosin_Carbine->/OperationBarbarossa/Weapons/MosinCarbine/USSR_Carbine_Mosin->/OperationBarbarossa/Weapons/MosinCarbine/Mosin_Carbine_Wood->/OperationBarbarossa/Weapons/MosinCarbine/Mosin_s_karabine_1938_SP_LOW_wood_Roughnes,11186289,None
0,/OperationBarbarossa/Weapons/MosinCarbine/USSR_Carbine_Mosin,SkeletalMesh,Soft From Unassigned Package? Best Guess: /OperationBarbarossa/Weapons/MosinCarbine/BP_Mosin_Carbine->/OperationBarbarossa/Weapons/MosinCarbine/USSR_Carbine_Mosin,1198975,None
0,/OperationBarbarossa/Weapons/MosinCarbine/USSR_Carbine_Mosin_PhysicsAsset,PhysicsAsset,Soft From Unassigned Package? Best Guess: /OperationBarbarossa/Weapons/MosinCarbine/BP_Mosin_Carbine->/OperationBarbarossa/Weapons/MosinCarbine/USSR_Carbine_Mosin->/OperationBarbarossa/Weapons/MosinCarbine/USSR_Carbine_Mosin_PhysicsAsset,2160,None
0,/OperationBarbarossa/Weapons/MosinRifle/BP_Mosin_M91,Blueprint,Soft From Unassigned Package? Best Guess: /HDAssets/Core/PALBL_HDAssetsCore->/HDAssets/Core/BP_HDGameInstance->/HDCore/Core/BP_HDGameInstanceBase->/HDCore/Maps/Dev/AAS-TestMap->/OperationBarbarossa/Factions/BP_SovietArmy->/OperationBarbarossa/Kits/ATRifleman/BP_USSR_AT_Rifleman->/OperationBarbarossa/Weapons/MosinRifle/BP_Mosin_M91,16307,None
0,/OperationBarbarossa/Weapons/MosinRifle/lowm3_mosin_BaseColor,Texture2D,Soft From Unassigned Package? Best Guess: /HDAssets/Core/PALBL_HDAssetsCore->/HDAssets/Core/BP_HDGameInstance->/HDCore/Core/BP_HDGameInstanceBase->/HDCore/Maps/Dev/AAS-TestMap->/OperationBarbarossa/Factions/BP_SovietArmy->/OperationBarbarossa/Kits/ATRifleman/BP_USSR_AT_Rifleman->/OperationBarbarossa/Weapons/MosinRifle/BP_Mosin_M91->/OperationBarbarossa/Weapons/MosinRifle/USSR_M91_Mosin->/OperationBarbarossa/Weapons/MosinRifle/Mosin_M91->/OperationBarbarossa/Weapons/MosinRifle/lowm3_mosin_BaseColor,22371069,None
0,/OperationBarbarossa/Weapons/MosinRifle/lowm3_mosin_Normal,Texture2D,Soft From Unassigned Package? Best Guess: /HDAssets/Core/PALBL_HDAssetsCore->/HDAssets/Core/BP_HDGameInstance->/HDCore/Core/BP_HDGameInstanceBase->/HDCore/Maps/Dev/AAS-TestMap->/OperationBarbarossa/Factions/BP_SovietArmy->/OperationBarbarossa/Kits/ATRifleman/BP_USSR_AT_Rifleman->/OperationBarbarossa/Weapons/MosinRifle/BP_Mosin_M91->/OperationBarbarossa/Weapons/MosinRifle/USSR_M91_Mosin->/OperationBarbarossa/Weapons/MosinRifle/Mosin_M91->/OperationBarbarossa/Weapons/MosinRifle/lowm3_mosin_Normal,22371382,None
0,/OperationBarbarossa/Weapons/MosinRifle/lowm3_mosin_Roughness,Texture2D,Soft From Unassigned Package? Best Guess: /HDAssets/Core/PALBL_HDAssetsCore->/HDAssets/Core/BP_HDGameInstance->/HDCore/Core/BP_HDGameInstanceBase->/HDCore/Maps/Dev/AAS-TestMap->/OperationBarbarossa/Factions/BP_SovietArmy->/OperationBarbarossa/Kits/ATRifleman/BP_USSR_AT_Rifleman->/OperationBarbarossa/Weapons/MosinRifle/BP_Mosin_M91->/OperationBarbarossa/Weapons/MosinRifle/USSR_M91_Mosin->/OperationBarbarossa/Weapons/MosinRifle/Mosin_M91->/OperationBarbarossa/Weapons/MosinRifle/lowm3_mosin_Roughness,11186245,None
0,/OperationBarbarossa/Weapons/MosinRifle/Mosin_M91,MaterialInstanceConstant,Soft From Unassigned Package? Best Guess: /HDAssets/Core/PALBL_HDAssetsCore->/HDAssets/Core/BP_HDGameInstance->/HDCore/Core/BP_HDGameInstanceBase->/HDCore/Maps/Dev/AAS-TestMap->/OperationBarbarossa/Factions/BP_SovietArmy->/OperationBarbarossa/Kits/ATRifleman/BP_USSR_AT_Rifleman->/OperationBarbarossa/Weapons/MosinRifle/BP_Mosin_M91->/OperationBarbarossa/Weapons/MosinRifle/USSR_M91_Mosin->/OperationBarbarossa/Weapons/MosinRifle/Mosin_M91,5539,None
0,/OperationBarbarossa/Weapons/MosinRifle/USSR_M91_Mosin,SkeletalMesh,Soft From Unassigned Package? Best Guess: /HDAssets/Core/PALBL_HDAssetsCore->/HDAssets/Core/BP_HDGameInstance->/HDCore/Core/BP_HDGameInstanceBase->/HDCore/Maps/Dev/AAS-TestMap->/OperationBarbarossa/Factions/BP_SovietArmy->/OperationBarbarossa/Kits/ATRifleman/BP_USSR_AT_Rifleman->/OperationBarbarossa/Weapons/MosinRifle/BP_Mosin_M91->/OperationBarbarossa/Weapons/MosinRifle/USSR_M91_Mosin,1698924,None
0,/OperationBarbarossa/Weapons/MosinRifle/USSR_M91_Mosin_PhysicsAsset,PhysicsAsset,Soft From Unassigned Package? Best Guess: /HDAssets/Core/PALBL_HDAssetsCore->/HDAssets/Core/BP_HDGameInstance->/HDCore/Core/BP_HDGameInstanceBase->/HDCore/Maps/Dev/AAS-TestMap->/OperationBarbarossa/Factions/BP_SovietArmy->/OperationBarbarossa/Kits/ATRifleman/BP_USSR_AT_Rifleman->/OperationBarbarossa/Weapons/MosinRifle/BP_Mosin_M91->/OperationBarbarossa/Weapons/MosinRifle/USSR_M91_Mosin->/OperationBarbarossa/Weapons/MosinRifle/USSR_M91_Mosin_PhysicsAsset,2150,None
0,/OperationBarbarossa/Weapons/MosinRifle/USSR_Mosin_M91_Icon,Texture2D,Soft From Unassigned Package? Best Guess: /HDAssets/Core/PALBL_HDAssetsCore->/HDAssets/Core/BP_HDGameInstance->/HDCore/Core/BP_HDGameInstanceBase->/HDCore/Maps/Dev/AAS-TestMap->/OperationBarbarossa/Factions/BP_SovietArmy->/OperationBarbarossa/Kits/ATRifleman/BP_USSR_AT_Rifleman->/OperationBarbarossa/Weapons/MosinRifle/BP_Mosin_M91->/OperationBarbarossa/Weapons/MosinRifle/USSR_Mosin_M91_Icon,79927,None
0,/OperationBarbarossa/Weapons/MosinSniper/BP_Mosin_Sniper,Blueprint,Soft From Unassigned Package? Best Guess: /HDAssets/Core/PALBL_HDAssetsCore->/HDAssets/Core/BP_HDGameInstance->/HDCore/Core/BP_HDGameInstanceBase->/HDCore/Maps/Dev/AAS-TestMap->/OperationBarbarossa/Factions/BP_SovietArmy->/OperationBarbarossa/Kits/Sniper/BP_USSR_Sniper->/OperationBarbarossa/Weapons/MosinSniper/BP_Mosin_Sniper,19302,None
0,/OperationBarbarossa/Weapons/MosinSniper/low2_PU_BaseColor,Texture2D,Soft From Unassigned Package? Best Guess: /HDAssets/Core/PALBL_HDAssetsCore->/HDAssets/Core/BP_HDGameInstance->/HDCore/Core/BP_HDGameInstanceBase->/HDCore/Maps/Dev/AAS-TestMap->/OperationBarbarossa/Factions/BP_SovietArmy->/OperationBarbarossa/Kits/Sniper/BP_USSR_Sniper->/OperationBarbarossa/Weapons/MosinSniper/BP_Mosin_Sniper->/OperationBarbarossa/Weapons/MosinSniper/USSR_M91_Mosin_Scope->/OperationBarbarossa/Weapons/MosinSniper/Mosin_PU_Scope->/OperationBarbarossa/Weapons/MosinSniper/low2_PU_BaseColor,11186238,None
0,/OperationBarbarossa/Weapons/MosinSniper/low2_PU_Normal,Texture2D,Soft From Unassigned Package? Best Guess: /HDAssets/Core/PALBL_HDAssetsCore->/HDAssets/Core/BP_HDGameInstance->/HDCore/Core/BP_HDGameInstanceBase->/HDCore/Maps/Dev/AAS-TestMap->/OperationBarbarossa/Factions/BP_SovietArmy->/OperationBarbarossa/Kits/Sniper/BP_USSR_Sniper->/OperationBarbarossa/Weapons/MosinSniper/BP_Mosin_Sniper->/OperationBarbarossa/Weapons/MosinSniper/USSR_M91_Mosin_Scope->/OperationBarbarossa/Weapons/MosinSniper/Mosin_PU_Scope->/OperationBarbarossa/Weapons/MosinSniper/low2_PU_Normal,22371375,None
0,/OperationBarbarossa/Weapons/MosinSniper/low2_PU_Roughness,Texture2D,Soft From Unassigned Package? Best Guess: /OperationBarbarossa/Weapons/MosinSniper/low2_PU_Roughness,2797594,None
0,/OperationBarbarossa/Weapons/MosinSniper/Mosin_PU_Scope,MaterialInstanceConstant,Soft From Unassigned Package? Best Guess: /HDAssets/Core/PALBL_HDAssetsCore->/HDAssets/Core/BP_HDGameInstance->/HDCore/Core/BP_HDGameInstanceBase->/HDCore/Maps/Dev/AAS-TestMap->/OperationBarbarossa/Factions/BP_SovietArmy->/OperationBarbarossa/Kits/Sniper/BP_USSR_Sniper->/OperationBarbarossa/Weapons/MosinSniper/BP_Mosin_Sniper->/OperationBarbarossa/Weapons/MosinSniper/USSR_M91_Mosin_Scope->/OperationBarbarossa/Weapons/MosinSniper/Mosin_PU_Scope,5615,None
0,/OperationBarbarossa/Weapons/MosinSniper/PU_Scope_Optic,MaterialInstanceConstant,Soft From Unassigned Package? Best Guess: /HDAssets/Core/PALBL_HDAssetsCore->/HDAssets/Core/BP_HDGameInstance->/HDCore/Core/BP_HDGameInstanceBase->/HDCore/Maps/Dev/AAS-TestMap->/OperationBarbarossa/Factions/BP_SovietArmy->/OperationBarbarossa/Kits/Sniper/BP_USSR_Sniper->/OperationBarbarossa/Weapons/MosinSniper/BP_Mosin_Sniper->/OperationBarbarossa/Weapons/MosinSniper/PU_Scope_Optic,31320,None
0,/OperationBarbarossa/Weapons/MosinSniper/USSR_M91_Mosin_Scope,SkeletalMesh,Soft From Unassigned Package? Best Guess: /HDAssets/Core/PALBL_HDAssetsCore->/HDAssets/Core/BP_HDGameInstance->/HDCore/Core/BP_HDGameInstanceBase->/HDCore/Maps/Dev/AAS-TestMap->/OperationBarbarossa/Factions/BP_SovietArmy->/OperationBarbarossa/Kits/Sniper/BP_USSR_Sniper->/OperationBarbarossa/Weapons/MosinSniper/BP_Mosin_Sniper->/OperationBarbarossa/Weapons/MosinSniper/USSR_M91_Mosin_Scope,1610257,None
0,/OperationBarbarossa/Weapons/MosinSniper/USSR_M91_Mosin_Scope_PhysicsAsset,PhysicsAsset,Soft From Unassigned Package? Best Guess: /HDAssets/Core/PALBL_HDAssetsCore->/HDAssets/Core/BP_HDGameInstance->/HDCore/Core/BP_HDGameInstanceBase->/HDCore/Maps/Dev/AAS-TestMap->/OperationBarbarossa/Factions/BP_SovietArmy->/OperationBarbarossa/Kits/Sniper/BP_USSR_Sniper->/OperationBarbarossa/Weapons/MosinSniper/BP_Mosin_Sniper->/OperationBarbarossa/Weapons/MosinSniper/USSR_M91_Mosin_Scope->/OperationBarbarossa/Weapons/MosinSniper/USSR_M91_Mosin_Scope_PhysicsAsset,2163,None
0,/OperationBarbarossa/Weapons/MosinSniper/USSR_Mosin_M91_Sniper_Icon,Texture2D,Soft From Unassigned Package? Best Guess: /HDAssets/Core/PALBL_HDAssetsCore->/HDAssets/Core/BP_HDGameInstance->/HDCore/Core/BP_HDGameInstanceBase->/HDCore/Maps/Dev/AAS-TestMap->/OperationBarbarossa/Factions/BP_SovietArmy->/OperationBarbarossa/Kits/Sniper/BP_USSR_Sniper->/OperationBarbarossa/Weapons/MosinSniper/BP_Mosin_Sniper->/OperationBarbarossa/Weapons/MosinSniper/USSR_Mosin_M91_Sniper_Icon,79942,None
0,/OperationBarbarossa/Weapons/PPSH/A_PPSH_FIELD_Cue,SoundCue,Soft From Unassigned Package? Best Guess: /HDAssets/Core/PALBL_HDAssetsCore->/HDAssets/Core/BP_HDGameInstance->/HDCore/Core/BP_HDGameInstanceBase->/HDCore/Maps/Dev/AAS-TestMap->/OperationBarbarossa/Factions/BP_SovietArmy->/OperationBarbarossa/Kits/Commissar/BP_USSR_Commissar->/OperationBarbarossa/Weapons/PPSH/BP_PPSH41->/OperationBarbarossa/Weapons/PPSH/A_PPSH_FIELD_Cue,26030,None
0,/OperationBarbarossa/Weapons/PPSH/BP_PPSH-41_Ammo,Blueprint,Soft From Unassigned Package? Best Guess: /HDAssets/Core/PALBL_HDAssetsCore->/HDAssets/Core/BP_HDGameInstance->/HDCore/Core/BP_HDGameInstanceBase->/HDCore/Maps/Dev/AAS-TestMap->/OperationBarbarossa/Factions/BP_SovietArmy->/OperationBarbarossa/Kits/Commissar/BP_USSR_Commissar->/OperationBarbarossa/Weapons/PPSH/BP_PPSH41->/OperationBarbarossa/Weapons/PPSH/BP_PPSH-41_Ammo,3235,None
0,/OperationBarbarossa/Weapons/PPSH/BP_PPSH41,Blueprint,Soft From Unassigned Package? Best Guess: /HDAssets/Core/PALBL_HDAssetsCore->/HDAssets/Core/BP_HDGameInstance->/HDCore/Core/BP_HDGameInstanceBase->/HDCore/Maps/Dev/AAS-TestMap->/OperationBarbarossa/Factions/BP_SovietArmy->/OperationBarbarossa/Kits/Commissar/BP_USSR_Commissar->/OperationBarbarossa/Weapons/PPSH/BP_PPSH41,14796,None
0,/OperationBarbarossa/Weapons/PPSH/PPSH-41,MaterialInstanceConstant,Soft From Unassigned Package? Best Guess: /HDAssets/Core/PALBL_HDAssetsCore->/HDAssets/Core/BP_HDGameInstance->/HDCore/Core/BP_HDGameInstanceBase->/HDCore/Maps/Dev/AAS-TestMap->/OperationBarbarossa/Factions/BP_SovietArmy->/OperationBarbarossa/Kits/Commissar/BP_USSR_Commissar->/OperationBarbarossa/Weapons/PPSH/BP_PPSH41->/OperationBarbarossa/Weapons/PPSH/USSR_PPSH-41->/OperationBarbarossa/Weapons/PPSH/PPSH-41,5198,None
0,/OperationBarbarossa/Weapons/PPSH/Ppsh-41_BaseColor,Texture2D,Soft From Unassigned Package? Best Guess: /HDAssets/Core/PALBL_HDAssetsCore->/HDAssets/Core/BP_HDGameInstance->/HDCore/Core/BP_HDGameInstanceBase->/HDCore/Maps/Dev/AAS-TestMap->/OperationBarbarossa/Factions/BP_SovietArmy->/OperationBarbarossa/Kits/Commissar/BP_USSR_Commissar->/OperationBarbarossa/Weapons/PPSH/BP_PPSH41->/OperationBarbarossa/Weapons/PPSH/USSR_PPSH-41->/OperationBarbarossa/Weapons/PPSH/PPSH-41->/OperationBarbarossa/Weapons/PPSH/Ppsh-41_BaseColor,11186231,None
0,/OperationBarbarossa/Weapons/PPSH/Ppsh-41_Normal,Texture2D,Soft From Unassigned Package? Best Guess: /HDAssets/Core/PALBL_HDAssetsCore->/HDAssets/Core/BP_HDGameInstance->/HDCore/Core/BP_HDGameInstanceBase->/HDCore/Maps/Dev/AAS-TestMap->/OperationBarbarossa/Factions/BP_SovietArmy->/OperationBarbarossa/Kits/Commissar/BP_USSR_Commissar->/OperationBarbarossa/Weapons/PPSH/BP_PPSH41->/OperationBarbarossa/Weapons/PPSH/USSR_PPSH-41->/OperationBarbarossa/Weapons/PPSH/PPSH-41->/OperationBarbarossa/Weapons/PPSH/Ppsh-41_Normal,22371368,None
0,/OperationBarbarossa/Weapons/PPSH/Ppsh-41_Roughness,Texture2D,Soft From Unassigned Package? Best Guess: /HDAssets/Core/PALBL_HDAssetsCore->/HDAssets/Core/BP_HDGameInstance->/HDCore/Core/BP_HDGameInstanceBase->/HDCore/Maps/Dev/AAS-TestMap->/OperationBarbarossa/Factions/BP_SovietArmy->/OperationBarbarossa/Kits/Commissar/BP_USSR_Commissar->/OperationBarbarossa/Weapons/PPSH/BP_PPSH41->/OperationBarbarossa/Weapons/PPSH/USSR_PPSH-41->/OperationBarbarossa/Weapons/PPSH/PPSH-41->/OperationBarbarossa/Weapons/PPSH/Ppsh-41_Roughness,11186231,None
0,/OperationBarbarossa/Weapons/PPSH/USSR_PPSH-41,SkeletalMesh,Soft From Unassigned Package? Best Guess: /HDAssets/Core/PALBL_HDAssetsCore->/HDAssets/Core/BP_HDGameInstance->/HDCore/Core/BP_HDGameInstanceBase->/HDCore/Maps/Dev/AAS-TestMap->/OperationBarbarossa/Factions/BP_SovietArmy->/OperationBarbarossa/Kits/Commissar/BP_USSR_Commissar->/OperationBarbarossa/Weapons/PPSH/BP_PPSH41->/OperationBarbarossa/Weapons/PPSH/USSR_PPSH-41,1292205,None
0,/OperationBarbarossa/Weapons/PPSH/USSR_PPSH-41_Icon,Texture2D,Soft From Unassigned Package? Best Guess: /HDAssets/Core/PALBL_HDAssetsCore->/HDAssets/Core/BP_HDGameInstance->/HDCore/Core/BP_HDGameInstanceBase->/HDCore/Maps/Dev/AAS-TestMap->/OperationBarbarossa/Factions/BP_SovietArmy->/OperationBarbarossa/Kits/Commissar/BP_USSR_Commissar->/OperationBarbarossa/Weapons/PPSH/BP_PPSH41->/OperationBarbarossa/Weapons/PPSH/USSR_PPSH-41_Icon,79917,None
0,/OperationBarbarossa/Weapons/PPSH/USSR_PPSH-41_PhysicsAsset,PhysicsAsset,Soft From Unassigned Package? Best Guess: /HDAssets/Core/PALBL_HDAssetsCore->/HDAssets/Core/BP_HDGameInstance->/HDCore/Core/BP_HDGameInstanceBase->/HDCore/Maps/Dev/AAS-TestMap->/OperationBarbarossa/Factions/BP_SovietArmy->/OperationBarbarossa/Kits/Commissar/BP_USSR_Commissar->/OperationBarbarossa/Weapons/PPSH/BP_PPSH41->/OperationBarbarossa/Weapons/PPSH/USSR_PPSH-41->/OperationBarbarossa/Weapons/PPSH/USSR_PPSH-41_PhysicsAsset,2140,None
0,/OperationBarbarossa/Weapons/ROKS-3/2DAE01_GAP01_WorldWarObject_Basecolor_YoniVanGucht,Texture2D,Soft From Unassigned Package? Best Guess: /HDAssets/Core/PALBL_HDAssetsCore->/HDAssets/Core/BP_HDGameInstance->/HDCore/Core/BP_HDGameInstanceBase->/HDCore/Maps/Dev/AAS-TestMap->/OperationBarbarossa/Factions/BP_SovietArmy->/OperationBarbarossa/Kits/ATRifleman/BP_USSR_AT_Rifleman->/OperationBarbarossa/Kits/DT_USSR_CharacterVariations->/OperationBarbarossa/Kits/Flamethrower/USSR_Flamethrower->/OperationBarbarossa/Weapons/ROKS-3/ROKS-3->/OperationBarbarossa/Weapons/ROKS-3/2DAE01_GAP01_WorldWarObject_Basecolor_YoniVanGucht,2797655,None
0,/OperationBarbarossa/Weapons/ROKS-3/2DAE01_GAP01_WorldWarObject_Normal_YoniVanGucht,Texture2D,Soft From Unassigned Package? Best Guess: /HDAssets/Core/PALBL_HDAssetsCore->/HDAssets/Core/BP_HDGameInstance->/HDCore/Core/BP_HDGameInstanceBase->/HDCore/Maps/Dev/AAS-TestMap->/OperationBarbarossa/Factions/BP_SovietArmy->/OperationBarbarossa/Kits/ATRifleman/BP_USSR_AT_Rifleman->/OperationBarbarossa/Kits/DT_USSR_CharacterVariations->/OperationBarbarossa/Kits/Flamethrower/USSR_Flamethrower->/OperationBarbarossa/Weapons/ROKS-3/ROKS-3->/OperationBarbarossa/Weapons/ROKS-3/2DAE01_GAP01_WorldWarObject_Normal_YoniVanGucht,5594184,None
0,/OperationBarbarossa/Weapons/ROKS-3/2DAE01_GAP01_WorldWarObject_Roughness_YoniVanGucht,Texture2D,Soft From Unassigned Package? Best Guess: /HDAssets/Core/PALBL_HDAssetsCore->/HDAssets/Core/BP_HDGameInstance->/HDCore/Core/BP_HDGameInstanceBase->/HDCore/Maps/Dev/AAS-TestMap->/OperationBarbarossa/Factions/BP_SovietArmy->/OperationBarbarossa/Kits/ATRifleman/BP_USSR_AT_Rifleman->/OperationBarbarossa/Kits/DT_USSR_CharacterVariations->/OperationBarbarossa/Kits/Flamethrower/USSR_Flamethrower->/OperationBarbarossa/Weapons/ROKS-3/ROKS-3->/OperationBarbarossa/Weapons/ROKS-3/2DAE01_GAP01_WorldWarObject_Roughness_YoniVanGucht,2797655,None
0,/OperationBarbarossa/Weapons/ROKS-3/Audio/Fire_Close,SoundWave,Soft From Unassigned Package? Best Guess: /OperationBarbarossa/Weapons/ROKS-3/Audio/Fire_Close,24046,None
0,/OperationBarbarossa/Weapons/ROKS-3/Audio/Fire_Close_1,SoundWave,Soft From Unassigned Package? Best Guess: /OperationBarbarossa/Weapons/ROKS-3/Audio/Fire_Close_1,12323,None
0,/OperationBarbarossa/Weapons/ROKS-3/Audio/Fire_Close_2,SoundWave,Soft From Unassigned Package? Best Guess: /HDAssets/Core/PALBL_HDAssetsCore->/HDAssets/Core/BP_HDGameInstance->/HDCore/Core/BP_HDGameInstanceBase->/HDCore/Maps/Dev/AAS-TestMap->/OperationBarbarossa/Factions/BP_SovietArmy->/OperationBarbarossa/Kits/Flamethrower/BP_USSR_Flamethrower->/OperationBarbarossa/Weapons/ROKS-3/BP_ROKS-3->/OperationBarbarossa/Weapons/ROKS-3/Audio/ROKS-3_Field_Cue->/OperationBarbarossa/Weapons/ROKS-3/Audio/Fire_Close_2,14151,None
0,/OperationBarbarossa/Weapons/ROKS-3/Audio/Fire_Mid,SoundWave,Soft From Unassigned Package? Best Guess: /OperationBarbarossa/Weapons/ROKS-3/Audio/Fire_Mid,9380,None
0,/OperationBarbarossa/Weapons/ROKS-3/Audio/Fire_Mid_1,SoundWave,Soft From Unassigned Package? Best Guess: /HDAssets/Core/PALBL_HDAssetsCore->/HDAssets/Core/BP_HDGameInstance->/HDCore/Core/BP_HDGameInstanceBase->/HDCore/Maps/Dev/AAS-TestMap->/OperationBarbarossa/Factions/BP_SovietArmy->/OperationBarbarossa/Kits/Flamethrower/BP_USSR_Flamethrower->/OperationBarbarossa/Weapons/ROKS-3/BP_ROKS-3->/OperationBarbarossa/Weapons/ROKS-3/Audio/ROKS-3_Field_Cue->/OperationBarbarossa/Weapons/ROKS-3/Audio/Fire_Mid_1,49492,None
0,/OperationBarbarossa/Weapons/ROKS-3/Audio/ROKS-3_Field_Cue,SoundCue,Soft From Unassigned Package? Best Guess: /HDAssets/Core/PALBL_HDAssetsCore->/HDAssets/Core/BP_HDGameInstance->/HDCore/Core/BP_HDGameInstanceBase->/HDCore/Maps/Dev/AAS-TestMap->/OperationBarbarossa/Factions/BP_SovietArmy->/OperationBarbarossa/Kits/Flamethrower/BP_USSR_Flamethrower->/OperationBarbarossa/Weapons/ROKS-3/BP_ROKS-3->/OperationBarbarossa/Weapons/ROKS-3/Audio/ROKS-3_Field_Cue,20625,None
0,/OperationBarbarossa/Weapons/ROKS-3/Audio/Stick_Flame_1,SoundWave,Soft From Unassigned Package? Best Guess: /HDAssets/Core/PALBL_HDAssetsCore->/HDAssets/Core/BP_HDGameInstance->/HDCore/Core/BP_HDGameInstanceBase->/HDCore/Maps/Dev/AAS-TestMap->/OperationBarbarossa/Factions/BP_SovietArmy->/OperationBarbarossa/Kits/Flamethrower/BP_USSR_Flamethrower->/OperationBarbarossa/Weapons/ROKS-3/BP_ROKS-3->/OperationBarbarossa/Weapons/ROKS-3/ROKS-3_Proj->/OperationBarbarossa/Weapons/ROKS-3/BP_ROKS-3_ImpFX->/OperationBarbarossa/Weapons/ROKS-3/ROKS-3_StickyFlames->/OperationBarbarossa/Weapons/ROKS-3/Audio/Stick_Flame_1,120521,None
0,/OperationBarbarossa/Weapons/ROKS-3/BP_ROKS-3,Blueprint,Soft From Unassigned Package? Best Guess: /HDAssets/Core/PALBL_HDAssetsCore->/HDAssets/Core/BP_HDGameInstance->/HDCore/Core/BP_HDGameInstanceBase->/HDCore/Maps/Dev/AAS-TestMap->/OperationBarbarossa/Factions/BP_SovietArmy->/OperationBarbarossa/Kits/Flamethrower/BP_USSR_Flamethrower->/OperationBarbarossa/Weapons/ROKS-3/BP_ROKS-3,14014,None
0,/OperationBarbarossa/Weapons/ROKS-3/BP_ROKS-3_ImpFX,Blueprint,Soft From Unassigned Package? Best Guess: /HDAssets/Core/PALBL_HDAssetsCore->/HDAssets/Core/BP_HDGameInstance->/HDCore/Core/BP_HDGameInstanceBase->/HDCore/Maps/Dev/AAS-TestMap->/OperationBarbarossa/Factions/BP_SovietArmy->/OperationBarbarossa/Kits/Flamethrower/BP_USSR_Flamethrower->/OperationBarbarossa/Weapons/ROKS-3/BP_ROKS-3->/OperationBarbarossa/Weapons/ROKS-3/ROKS-3_Proj->/OperationBarbarossa/Weapons/ROKS-3/BP_ROKS-3_ImpFX,26208,None
0,/OperationBarbarossa/Weapons/ROKS-3/Particles/M_smoke_subUV_blackbody,Material,Soft From Unassigned Package? Best Guess: /HDAssets/Core/PALBL_HDAssetsCore->/HDAssets/Core/BP_HDGameInstance->/HDCore/Core/BP_HDGameInstanceBase->/HDCore/Maps/Dev/AAS-TestMap->/OperationBarbarossa/Factions/BP_SovietArmy->/OperationBarbarossa/Kits/Flamethrower/BP_USSR_Flamethrower->/OperationBarbarossa/Weapons/ROKS-3/BP_ROKS-3->/OperationBarbarossa/Weapons/ROKS-3/ROKS-3_Proj->/OperationBarbarossa/Weapons/ROKS-3/Particles/USSR_Fire->/OperationBarbarossa/Weapons/ROKS-3/Particles/M_smoke_subUV_blackbody,15038,None
0,/OperationBarbarossa/Weapons/ROKS-3/Particles/T_SmokeSubUV_8X8,Texture2D,Soft From Unassigned Package? Best Guess: /HDAssets/Core/PALBL_HDAssetsCore->/HDAssets/Core/BP_HDGameInstance->/HDCore/Core/BP_HDGameInstanceBase->/HDCore/Maps/Dev/AAS-TestMap->/OperationBarbarossa/Factions/BP_SovietArmy->/OperationBarbarossa/Kits/Flamethrower/BP_USSR_Flamethrower->/OperationBarbarossa/Weapons/ROKS-3/BP_ROKS-3->/OperationBarbarossa/Weapons/ROKS-3/ROKS-3_Proj->/OperationBarbarossa/Weapons/ROKS-3/Particles/USSR_Fire->/OperationBarbarossa/Weapons/ROKS-3/Particles/M_smoke_subUV_blackbody->/OperationBarbarossa/Weapons/ROKS-3/Particles/T_SmokeSubUV_8X8,351055,None
0,/OperationBarbarossa/Weapons/ROKS-3/Particles/T_soft_smoke,Texture2D,Soft From Unassigned Package? Best Guess: /HDAssets/Core/PALBL_HDAssetsCore->/HDAssets/Core/BP_HDGameInstance->/HDCore/Core/BP_HDGameInstanceBase->/HDCore/Maps/Dev/AAS-TestMap->/OperationBarbarossa/Factions/BP_SovietArmy->/OperationBarbarossa/Kits/Flamethrower/BP_USSR_Flamethrower->/OperationBarbarossa/Weapons/ROKS-3/BP_ROKS-3->/OperationBarbarossa/Weapons/ROKS-3/ROKS-3_Proj->/OperationBarbarossa/Weapons/ROKS-3/Particles/USSR_Fire->/OperationBarbarossa/Weapons/ROKS-3/Particles/M_smoke_subUV_blackbody->/OperationBarbarossa/Weapons/ROKS-3/Particles/T_soft_smoke,176077,None
0,/OperationBarbarossa/Weapons/ROKS-3/Particles/USSR_Fire,ParticleSystem,Soft From Unassigned Package? Best Guess: /HDAssets/Core/PALBL_HDAssetsCore->/HDAssets/Core/BP_HDGameInstance->/HDCore/Core/BP_HDGameInstanceBase->/HDCore/Maps/Dev/AAS-TestMap->/OperationBarbarossa/Factions/BP_SovietArmy->/OperationBarbarossa/Kits/Flamethrower/BP_USSR_Flamethrower->/OperationBarbarossa/Weapons/ROKS-3/BP_ROKS-3->/OperationBarbarossa/Weapons/ROKS-3/ROKS-3_Proj->/OperationBarbarossa/Weapons/ROKS-3/Particles/USSR_Fire,15710,None
0,/OperationBarbarossa/Weapons/ROKS-3/Particles/USSR_Small_Fire,ParticleSystem,Soft From Unassigned Package? Best Guess: /HDAssets/Core/PALBL_HDAssetsCore->/HDAssets/Core/BP_HDGameInstance->/HDCore/Core/BP_HDGameInstanceBase->/HDCore/Maps/Dev/AAS-TestMap->/OperationBarbarossa/Factions/BP_SovietArmy->/OperationBarbarossa/Kits/Flamethrower/BP_USSR_Flamethrower->/OperationBarbarossa/Weapons/Molotov/BP_USSR_Molotov->/OperationBarbarossa/Weapons/Molotov/Molotov_Proj_1->/OperationBarbarossa/Weapons/Molotov/Molotov_Fire->/OperationBarbarossa/Weapons/ROKS-3/Particles/USSR_Small_Fire,37979,None
0,/OperationBarbarossa/Weapons/ROKS-3/ROKS-3,MaterialInstanceConstant,Soft From Unassigned Package? Best Guess: /HDAssets/Core/PALBL_HDAssetsCore->/HDAssets/Core/BP_HDGameInstance->/HDCore/Core/BP_HDGameInstanceBase->/HDCore/Maps/Dev/AAS-TestMap->/OperationBarbarossa/Factions/BP_SovietArmy->/OperationBarbarossa/Kits/ATRifleman/BP_USSR_AT_Rifleman->/OperationBarbarossa/Kits/DT_USSR_CharacterVariations->/OperationBarbarossa/Kits/Flamethrower/USSR_Flamethrower->/OperationBarbarossa/Weapons/ROKS-3/ROKS-3,5402,None
0,/OperationBarbarossa/Weapons/ROKS-3/ROKS-3_Ammo,Blueprint,Soft From Unassigned Package? Best Guess: /HDAssets/Core/PALBL_HDAssetsCore->/HDAssets/Core/BP_HDGameInstance->/HDCore/Core/BP_HDGameInstanceBase->/HDCore/Maps/Dev/AAS-TestMap->/OperationBarbarossa/Factions/BP_SovietArmy->/OperationBarbarossa/Kits/Flamethrower/BP_USSR_Flamethrower->/OperationBarbarossa/Weapons/ROKS-3/BP_ROKS-3->/OperationBarbarossa/Weapons/ROKS-3/ROKS-3_Ammo,3225,None
0,/OperationBarbarossa/Weapons/ROKS-3/ROKS-3_Proj,Blueprint,Soft From Unassigned Package? Best Guess: /HDAssets/Core/PALBL_HDAssetsCore->/HDAssets/Core/BP_HDGameInstance->/HDCore/Core/BP_HDGameInstanceBase->/HDCore/Maps/Dev/AAS-TestMap->/OperationBarbarossa/Factions/BP_SovietArmy->/OperationBarbarossa/Kits/Flamethrower/BP_USSR_Flamethrower->/OperationBarbarossa/Weapons/ROKS-3/BP_ROKS-3->/OperationBarbarossa/Weapons/ROKS-3/ROKS-3_Proj,12329,None
0,/OperationBarbarossa/Weapons/ROKS-3/ROKS-3_StickyFlames,Blueprint,Soft From Unassigned Package? Best Guess: /HDAssets/Core/PALBL_HDAssetsCore->/HDAssets/Core/BP_HDGameInstance->/HDCore/Core/BP_HDGameInstanceBase->/HDCore/Maps/Dev/AAS-TestMap->/OperationBarbarossa/Factions/BP_SovietArmy->/OperationBarbarossa/Kits/Flamethrower/BP_USSR_Flamethrower->/OperationBarbarossa/Weapons/ROKS-3/BP_ROKS-3->/OperationBarbarossa/Weapons/ROKS-3/ROKS-3_Proj->/OperationBarbarossa/Weapons/ROKS-3/BP_ROKS-3_ImpFX->/OperationBarbarossa/Weapons/ROKS-3/ROKS-3_StickyFlames,11607,None
0,/OperationBarbarossa/Weapons/ROKS-3/USSR_ROKS-3,SkeletalMesh,Soft From Unassigned Package? Best Guess: /HDAssets/Core/PALBL_HDAssetsCore->/HDAssets/Core/BP_HDGameInstance->/HDCore/Core/BP_HDGameInstanceBase->/HDCore/Maps/Dev/AAS-TestMap->/OperationBarbarossa/Factions/BP_SovietArmy->/OperationBarbarossa/Kits/Flamethrower/BP_USSR_Flamethrower->/OperationBarbarossa/Weapons/ROKS-3/BP_ROKS-3->/OperationBarbarossa/Weapons/ROKS-3/USSR_ROKS-3,318599,None
0,/OperationBarbarossa/Weapons/ROKS-3/USSR_ROKS-3_Icon,Texture2D,Soft From Unassigned Package? Best Guess: /HDAssets/Core/PALBL_HDAssetsCore->/HDAssets/Core/BP_HDGameInstance->/HDCore/Core/BP_HDGameInstanceBase->/HDCore/Maps/Dev/AAS-TestMap->/OperationBarbarossa/Factions/BP_SovietArmy->/OperationBarbarossa/Kits/Flamethrower/BP_USSR_Flamethrower->/OperationBarbarossa/Weapons/ROKS-3/BP_ROKS-3->/OperationBarbarossa/Weapons/ROKS-3/USSR_ROKS-3_Icon,79917,None
0,/OperationBarbarossa/Weapons/ROKS-3/USSR_ROKS-3_PhysicsAsset,PhysicsAsset,Soft From Unassigned Package? Best Guess: /HDAssets/Core/PALBL_HDAssetsCore->/HDAssets/Core/BP_HDGameInstance->/HDCore/Core/BP_HDGameInstanceBase->/HDCore/Maps/Dev/AAS-TestMap->/OperationBarbarossa/Factions/BP_SovietArmy->/OperationBarbarossa/Kits/Flamethrower/BP_USSR_Flamethrower->/OperationBarbarossa/Weapons/ROKS-3/BP_ROKS-3->/OperationBarbarossa/Weapons/ROKS-3/USSR_ROKS-3->/OperationBarbarossa/Weapons/ROKS-3/USSR_ROKS-3_PhysicsAsset,2140,None
0,/OperationBarbarossa/Weapons/Tokarev/BP_Tokarev,Blueprint,Soft From Unassigned Package? Best Guess: /HDAssets/Core/PALBL_HDAssetsCore->/HDAssets/Core/BP_HDGameInstance->/HDCore/Core/BP_HDGameInstanceBase->/HDCore/Maps/Dev/AAS-TestMap->/OperationBarbarossa/Factions/BP_SovietArmy->/OperationBarbarossa/Kits/Commissar/BP_USSR_Commissar->/OperationBarbarossa/Weapons/Tokarev/BP_Tokarev,14524,None
0,/OperationBarbarossa/Weapons/Tokarev/TT33_Base_Color,Texture2D,Soft From Unassigned Package? Best Guess: /HDAssets/Core/PALBL_HDAssetsCore->/HDAssets/Core/BP_HDGameInstance->/HDCore/Core/BP_HDGameInstanceBase->/HDCore/Maps/Dev/AAS-TestMap->/OperationBarbarossa/Factions/BP_SovietArmy->/OperationBarbarossa/Kits/Commissar/BP_USSR_Commissar->/OperationBarbarossa/Weapons/Tokarev/BP_Tokarev->/OperationBarbarossa/Weapons/Tokarev/USSR_Tokarev->/OperationBarbarossa/Weapons/Tokarev/TT33_Tokarev->/OperationBarbarossa/Weapons/Tokarev/TT33_Base_Color,22371054,None
0,/OperationBarbarossa/Weapons/Tokarev/TT33_Normal_DirectX,Texture2D,Soft From Unassigned Package? Best Guess: /HDAssets/Core/PALBL_HDAssetsCore->/HDAssets/Core/BP_HDGameInstance->/HDCore/Core/BP_HDGameInstanceBase->/HDCore/Maps/Dev/AAS-TestMap->/OperationBarbarossa/Factions/BP_SovietArmy->/OperationBarbarossa/Kits/Commissar/BP_USSR_Commissar->/OperationBarbarossa/Weapons/Tokarev/BP_Tokarev->/OperationBarbarossa/Weapons/Tokarev/USSR_Tokarev->/OperationBarbarossa/Weapons/Tokarev/TT33_Tokarev->/OperationBarbarossa/Weapons/Tokarev/TT33_Normal_DirectX,22371381,None
0,/OperationBarbarossa/Weapons/Tokarev/TT33_Roughness,Texture2D,Soft From Unassigned Package? Best Guess: /HDAssets/Core/PALBL_HDAssetsCore->/HDAssets/Core/BP_HDGameInstance->/HDCore/Core/BP_HDGameInstanceBase->/HDCore/Maps/Dev/AAS-TestMap->/OperationBarbarossa/Factions/BP_SovietArmy->/OperationBarbarossa/Kits/Commissar/BP_USSR_Commissar->/OperationBarbarossa/Weapons/Tokarev/BP_Tokarev->/OperationBarbarossa/Weapons/Tokarev/USSR_Tokarev->/OperationBarbarossa/Weapons/Tokarev/TT33_Tokarev->/OperationBarbarossa/Weapons/Tokarev/TT33_Roughness,11186228,None
0,/OperationBarbarossa/Weapons/Tokarev/TT33_Tokarev,MaterialInstanceConstant,Soft From Unassigned Package? Best Guess: /HDAssets/Core/PALBL_HDAssetsCore->/HDAssets/Core/BP_HDGameInstance->/HDCore/Core/BP_HDGameInstanceBase->/HDCore/Maps/Dev/AAS-TestMap->/OperationBarbarossa/Factions/BP_SovietArmy->/OperationBarbarossa/Kits/Commissar/BP_USSR_Commissar->/OperationBarbarossa/Weapons/Tokarev/BP_Tokarev->/OperationBarbarossa/Weapons/Tokarev/USSR_Tokarev->/OperationBarbarossa/Weapons/Tokarev/TT33_Tokarev,5220,None
0,/OperationBarbarossa/Weapons/Tokarev/USSR_Tokarev,SkeletalMesh,Soft From Unassigned Package? Best Guess: /HDAssets/Core/PALBL_HDAssetsCore->/HDAssets/Core/BP_HDGameInstance->/HDCore/Core/BP_HDGameInstanceBase->/HDCore/Maps/Dev/AAS-TestMap->/OperationBarbarossa/Factions/BP_SovietArmy->/OperationBarbarossa/Kits/Commissar/BP_USSR_Commissar->/OperationBarbarossa/Weapons/Tokarev/BP_Tokarev->/OperationBarbarossa/Weapons/Tokarev/USSR_Tokarev,1286961,None
0,/OperationBarbarossa/Weapons/Tokarev/USSR_Tokarev_Icon,Texture2D,Soft From Unassigned Package? Best Guess: /HDAssets/Core/PALBL_HDAssetsCore->/HDAssets/Core/BP_HDGameInstance->/HDCore/Core/BP_HDGameInstanceBase->/HDCore/Maps/Dev/AAS-TestMap->/OperationBarbarossa/Factions/BP_SovietArmy->/OperationBarbarossa/Kits/Commissar/BP_USSR_Commissar->/OperationBarbarossa/Weapons/Tokarev/BP_Tokarev->/OperationBarbarossa/Weapons/Tokarev/USSR_Tokarev_Icon,79920,None
0,/OperationBarbarossa/Weapons/Tokarev/USSR_Tokarev_PhysicsAsset,PhysicsAsset,Soft From Unassigned Package? Best Guess: /HDAssets/Core/PALBL_HDAssetsCore->/HDAssets/Core/BP_HDGameInstance->/HDCore/Core/BP_HDGameInstanceBase->/HDCore/Maps/Dev/AAS-TestMap->/OperationBarbarossa/Factions/BP_SovietArmy->/OperationBarbarossa/Kits/Commissar/BP_USSR_Commissar->/OperationBarbarossa/Weapons/Tokarev/BP_Tokarev->/OperationBarbarossa/Weapons/Tokarev/USSR_Tokarev->/OperationBarbarossa/Weapons/Tokarev/USSR_Tokarev_PhysicsAsset,2143,None
